"","text","favorited","favoriteCount","replyToSN","created","truncated","replyToSID","id","replyToUID","statusSource","screenName","retweetCount","isRetweet","retweeted","longitude","latitude"
"1","#Japan Airlines #JAL First Class Boeing 777-300ER San Francisco #SFO to #Tokyo Haneda HND review #travel‚Ä¶ https://t.co/JqEAn9N5O0",FALSE,0,NA,2020-02-01 21:42:54,TRUE,NA,"1223723422729023490",NA,"<a href=""https://everybodyhatesatourist.net"" rel=""nofollow"">Revive Old Post EHAT</a>","ehatourist",0,FALSE,FALSE,NA,NA
"2","RT @AuthorGusPegel: Life is short...make every single book count üìö #TuesdayThoughts 
Drive and Stay Alive in #Afghanistan
One Won't Make It‚Ä¶",FALSE,0,NA,2020-02-01 21:42:16,FALSE,NA,"1223723263060135936",NA,"<a href=""https://mobile.twitter.com"" rel=""nofollow"">Twitter Web App</a>","Nblackthorne",131,TRUE,FALSE,NA,NA
"3","Sun Sensitive in SoCal: A Survival https://t.co/KVYoZzj4Be #asia #california #malaysia #northamerica #singapore #sunsensitivity #travel",FALSE,1,NA,2020-02-01 21:07:08,FALSE,NA,"1223714421962199040",NA,"<a href=""https://semibudgettravel.com"" rel=""nofollow"">Share Posts to Twitter - SBT</a>","semibudgettrvl",0,FALSE,FALSE,NA,NA
"4","RT @341_SA: ‚Äú Searching For Truth ""

Dr.  Laurence Brown

https://t.co/jauMfGOFGZ

#NBA  #NBAnaESPN  #news  #USA
#UK  #China #Chinese  #Aus‚Ä¶",FALSE,0,NA,2020-02-01 20:38:50,FALSE,NA,"1223707301779034112",NA,"<a href=""http://twitter.com/download/android"" rel=""nofollow"">Twitter for Android</a>","a7lanona11",14,TRUE,FALSE,NA,NA
"5","RT @StoopidGenius87: https://t.co/LHH9S0WEPk

GIVEAWAY IS STILL GOING. TRAVEL FOR LESS TO YOUR DREAM DESTINATION!

ENDS TONIGHT AT 11:59PM‚Ä¶",FALSE,0,NA,2020-02-01 20:25:16,FALSE,NA,"1223703885669380096",NA,"<a href=""http://twitter.com/download/iphone"" rel=""nofollow"">Twitter for iPhone</a>","mrxcluziive",1,TRUE,FALSE,NA,NA
"6","Explore Sarawak Culture Beyond Kuching (Orangutans, Jungle, Longhouses, &amp; More!) https://t.co/EELqIYNrqE #asia #malaysia #travel",FALSE,0,NA,2020-02-01 20:07:00,FALSE,NA,"1223699288150048768",NA,"<a href=""https://semibudgettravel.com"" rel=""nofollow"">Share Posts to Twitter - SBT</a>","semibudgettrvl",0,FALSE,FALSE,NA,NA
"7","RT @GDTraveltips: GD travel in VIETNAM - World's Longest Cable Car Ride - Phu Quoc to Pineapple Island, Vietnam. See the views from on boar‚Ä¶",FALSE,0,NA,2020-02-01 19:53:05,FALSE,NA,"1223695787915382787",NA,"<a href=""https://mobile.twitter.com"" rel=""nofollow"">Twitter Web App</a>","GDTraveltips",1,TRUE,FALSE,NA,NA
"8","https://t.co/LHH9S0WEPk

GIVEAWAY IS STILL GOING. TRAVEL FOR LESS TO YOUR DREAM DESTINATION!

ENDS TONIGHT AT 11:59‚Ä¶ https://t.co/7WpGoDOCnm",FALSE,1,NA,2020-02-01 19:43:07,TRUE,NA,"1223693278169763843",NA,"<a href=""http://instagram.com"" rel=""nofollow"">Instagram</a>","StoopidGenius87",1,FALSE,FALSE,NA,NA
"9","RT @341_SA: ‚Äú Searching For Truth ""

Dr.  Laurence Brown

https://t.co/jauMfGOFGZ

#NBA  #NBAnaESPN  #news  #USA
#UK  #China #Chinese  #Aus‚Ä¶",FALSE,0,NA,2020-02-01 19:17:38,FALSE,NA,"1223686867733897217",NA,"<a href=""http://twitter.com/download/iphone"" rel=""nofollow"">Twitter for iPhone</a>","JanHussam",14,TRUE,FALSE,NA,NA
"10","RT @341_SA: ‚Äú Searching For Truth ""

Dr.  Laurence Brown

https://t.co/jauMfGOFGZ

#NBA  #NBAnaESPN  #news  #USA
#UK  #China #Chinese  #Aus‚Ä¶",FALSE,0,NA,2020-02-01 19:07:03,FALSE,NA,"1223684200970276868",NA,"<a href=""http://twitter.com/download/android"" rel=""nofollow"">Twitter for Android</a>","M4Daw",14,TRUE,FALSE,NA,NA
"11","10 Day Vietnam Travel Itinerary - From Hanoi to dragons, 
.
https://t.co/pH3S0NsFvM
.
#vietnam #travel #asia‚Ä¶ https://t.co/Ak8Woswrzr",FALSE,0,NA,2020-02-01 19:01:25,TRUE,NA,"1223682784746557442",NA,"<a href=""https://www.later.com"" rel=""nofollow"">LaterMedia</a>","horizon_unknown",0,FALSE,FALSE,NA,NA
"12","RT @341_SA: ‚Äú Searching For Truth ""

Dr.  Laurence Brown

https://t.co/jauMfGOFGZ

#NBA  #NBAnaESPN  #news  #USA
#UK  #China #Chinese  #Aus‚Ä¶",FALSE,0,NA,2020-02-01 18:57:49,FALSE,NA,"1223681880874242049",NA,"<a href=""http://twitter.com/download/android"" rel=""nofollow"">Twitter for Android</a>","wmdt6",14,TRUE,FALSE,NA,NA
"13","RT @341_SA: ‚Äú Searching For Truth ""

Dr.  Laurence Brown

https://t.co/jauMfGOFGZ

#NBA  #NBAnaESPN  #news  #USA
#UK  #China #Chinese  #Aus‚Ä¶",FALSE,0,NA,2020-02-01 18:57:30,FALSE,NA,"1223681801018847238",NA,"<a href=""http://twitter.com/download/android"" rel=""nofollow"">Twitter for Android</a>","IslamToAll",14,TRUE,FALSE,NA,NA
"14","RT @siddy86: Along the Sacred River.. (c) Siddharth Krishnan 
October 2011

#travel #photography #destination #destinationunknown #lostintr‚Ä¶",FALSE,0,NA,2020-02-01 18:17:24,FALSE,NA,"1223671707766083585",NA,"<a href=""http://www.eatshootravel.com/"" rel=""nofollow"">eatshootravelbot</a>","eatshootravel",2,TRUE,FALSE,NA,NA
"15","RT @siddy86: Along the Sacred River.. (c) Siddharth Krishnan 
October 2011

#travel #photography #destination #destinationunknown #lostintr‚Ä¶",FALSE,0,NA,2020-02-01 18:17:00,FALSE,NA,"1223671605513084929",NA,"<a href=""http://www.hillcrafts.in"" rel=""nofollow"">himachalibot</a>","RT_Himachal",2,TRUE,FALSE,NA,NA
"16","Along the Sacred River.. (c) Siddharth Krishnan 
October 2011

#travel #photography #destination‚Ä¶ https://t.co/uSLcMgXiDt",FALSE,0,NA,2020-02-01 18:16:54,TRUE,NA,"1223671583505616899",NA,"<a href=""http://instagram.com"" rel=""nofollow"">Instagram</a>","siddy86",2,FALSE,FALSE,"77.15867","31.10315"
"17","Exploring Fairy Caves Kuching (&amp; Sporting Adidas Kampung) https://t.co/Jr1aFSg9ou #asia #malaysia #travel",FALSE,0,NA,2020-02-01 18:06:54,FALSE,NA,"1223669065937383425",NA,"<a href=""https://semibudgettravel.com"" rel=""nofollow"">Share Posts to Twitter - SBT</a>","semibudgettrvl",0,FALSE,FALSE,NA,NA
"18","RT @341_SA: ‚Äú Searching For Truth ""

Dr.  Laurence Brown

https://t.co/jauMfGOFGZ

#NBA  #NBAnaESPN  #news  #USA
#UK  #China #Chinese  #Aus‚Ä¶",FALSE,0,NA,2020-02-01 17:53:37,FALSE,NA,"1223665720753561603",NA,"<a href=""http://twitter.com/download/iphone"" rel=""nofollow"">Twitter for iPhone</a>","Mazen_braik",14,TRUE,FALSE,NA,NA
"19","RT @themusingnotes: Another Travel Wishlist! Today it's the fascinating continent of Asia.
https://t.co/iyZoCK2IEa
#blog #blogger #WordPres‚Ä¶",FALSE,0,NA,2020-02-01 17:45:18,FALSE,NA,"1223663631168167936",NA,"<a href=""https://www.ourblogginglife.com"" rel=""nofollow"">My Twitter Friends II</a>","OurBloggingLife",2,TRUE,FALSE,NA,NA
"20","RT @341_SA: ‚Äú Searching For Truth ""

Dr.  Laurence Brown

https://t.co/jauMfGOFGZ

#NBA  #NBAnaESPN  #news  #USA
#UK  #China #Chinese  #Aus‚Ä¶",FALSE,0,NA,2020-02-01 17:42:22,FALSE,NA,"1223662890235895809",NA,"<a href=""http://twitter.com/download/android"" rel=""nofollow"">Twitter for Android</a>","dk_hil",14,TRUE,FALSE,NA,NA
"21","RT @themusingnotes: Another Travel Wishlist! Today it's the fascinating continent of Asia.
https://t.co/iyZoCK2IEa
#blog #blogger #WordPres‚Ä¶",FALSE,0,NA,2020-02-01 17:41:34,FALSE,NA,"1223662688355512322",NA,"<a href=""http://itunes.apple.com/us/app/twitter/id409789998?mt=12"" rel=""nofollow"">Twitter for Mac</a>","triutammiayunda",2,TRUE,FALSE,NA,NA
"22","En #Camboya #Cambodia, como en otros pa√≠ses de #Asia, los ni√±os van solos a pie al colegio, aunque este se encuentr‚Ä¶ https://t.co/kb72WFa9Y2",FALSE,0,NA,2020-02-01 17:09:53,TRUE,NA,"1223654717684965382",NA,"<a href=""http://instagram.com"" rel=""nofollow"">Instagram</a>","viajesdehector",0,FALSE,FALSE,"98.2813383","7.97719785"
"23","RT @TravelWelshman: The tea garden
.
.
.
#travelling #travel #traveller #backpacking #backpacker  #wanderlust #adventure #photography #phot‚Ä¶",FALSE,0,NA,2020-02-01 16:30:29,FALSE,NA,"1223644799300968454",NA,"<a href=""https://www.ourblogginglife.com"" rel=""nofollow"">My Twitter Friends II</a>","OurBloggingLife",1,TRUE,FALSE,NA,NA
"24","A perfect cocktail experience at Bar Cocktail Book in Shinjuku, Tokyo, #Japan #travel https://t.co/IFGxEYtRGI‚Ä¶ https://t.co/SH6fdahh2B",FALSE,0,NA,2020-02-01 16:29:51,TRUE,NA,"1223644643381989376",NA,"<a href=""https://everybodyhatesatourist.net"" rel=""nofollow"">Revive Old Post EHAT</a>","ehatourist",0,FALSE,FALSE,NA,NA
"25","The tea garden
.
.
.
#travelling #travel #traveller #backpacking #backpacker  #wanderlust #adventure #photography‚Ä¶ https://t.co/7i4oAs4GRn",FALSE,0,NA,2020-02-01 16:29:19,TRUE,NA,"1223644507809492998",NA,"<a href=""http://instagram.com"" rel=""nofollow"">Instagram</a>","TravelWelshman",1,FALSE,FALSE,"135.759722","34.979167"
"26","Another Travel Wishlist! Today it's the fascinating continent of Asia.
https://t.co/iyZoCK2IEa
#blog #blogger‚Ä¶ https://t.co/egyS2Nfr1b",FALSE,1,NA,2020-02-01 16:16:27,TRUE,NA,"1223641269232074752",NA,"<a href=""https://mobile.twitter.com"" rel=""nofollow"">Twitter Web App</a>","themusingnotes",2,FALSE,FALSE,NA,NA
"27","#Singapore Itinerary 2 Days (Budget-Friendly) https://t.co/Xjw42bV2ph #asia #travel",FALSE,0,NA,2020-02-01 16:06:54,FALSE,NA,"1223638865694511105",NA,"<a href=""https://semibudgettravel.com"" rel=""nofollow"">Share Posts to Twitter - SBT</a>","semibudgettrvl",0,FALSE,FALSE,NA,NA
"28","What to eat when traveling to Turkey üáπüá∑ 

üëâüèª https://t.co/Sk1heW6Q1z
-
#turkey #turkishfood #iskender #kebap #doner‚Ä¶ https://t.co/XFuFDtQl8h",FALSE,0,NA,2020-02-01 16:06:05,TRUE,NA,"1223638661985722369",NA,"<a href=""http://twitter.com/#!/download/ipad"" rel=""nofollow"">Twitter for iPad</a>","CarbonCraftLtd",0,FALSE,FALSE,NA,NA
"29","#asia #travel #travelphotography #indonesia #thailand #china #photography #travelgram #love #europe #india‚Ä¶ https://t.co/Kojs66IjSG",FALSE,2,NA,2020-02-01 15:52:13,TRUE,NA,"1223635169074196483",NA,"<a href=""https://ifttt.com"" rel=""nofollow"">IFTTT</a>","aadi350",0,FALSE,FALSE,NA,NA
"30","RT @tleclair88: See all the beauty of Thailand in one place at Bangkok‚Äôs Anciety City. And you can also rent a golf cart and go crazy!! Gre‚Ä¶",FALSE,0,NA,2020-02-01 15:23:09,FALSE,NA,"1223627856250658816",NA,"<a href=""https://github.com/DzianisH/RetweetBot"" rel=""nofollow"">TravelCoBlogger</a>","TravelCoBlogger",3,TRUE,FALSE,NA,NA
"31","15 Things to know before going to Japan in 2020 | Trip Trip Now https://t.co/gk7NZ3wrEc  #travel #japan #traveltips #asia",FALSE,1,NA,2020-02-01 15:15:01,FALSE,NA,"1223625811414212612",NA,"<a href=""http://twitter.com"" rel=""nofollow"">Twitter Web Client</a>","WHotelsClub",0,FALSE,FALSE,NA,NA
"32","RT @341_SA: ‚Äú Searching For Truth ""

Dr.  Laurence Brown

https://t.co/jauMfGOFGZ

#NBA  #NBAnaESPN  #news  #USA
#UK  #China #Chinese  #Aus‚Ä¶",FALSE,0,NA,2020-02-01 14:55:29,FALSE,NA,"1223620891927597056",NA,"<a href=""http://twitter.com/download/android"" rel=""nofollow"">Twitter for Android</a>","gce24",14,TRUE,FALSE,NA,NA
"33","RT @FTCarryOn: Check out our newest Podcast Episode now: https://t.co/XO6EBRA7q4
The Friends continue their 3-part series on their most rec‚Ä¶",FALSE,0,NA,2020-02-01 14:53:36,FALSE,NA,"1223620419917402114",NA,"<a href=""http://twitter.com/download/iphone"" rel=""nofollow"">Twitter for iPhone</a>","fargofotos",2,TRUE,FALSE,NA,NA
"34","RT @angelaAchavez: How healthy do you guys eat? #yotelsingapore #sg #singapore #travel #asia #healthyfood #healthandwellness #love #singapo‚Ä¶",FALSE,0,NA,2020-02-01 14:48:59,FALSE,NA,"1223619256371335168",NA,"<a href=""http://twitter.com/download/iphone"" rel=""nofollow"">Twitter for iPhone</a>","PrincessBibiRF_",1,TRUE,FALSE,NA,NA
"35","How healthy do you guys eat? #yotelsingapore #sg #singapore #travel #asia #healthyfood #healthandwellness #love‚Ä¶ https://t.co/oA8nIdGT9h",FALSE,0,NA,2020-02-01 14:29:03,TRUE,NA,"1223614242286272518",NA,"<a href=""http://twitter.com/download/iphone"" rel=""nofollow"">Twitter for iPhone</a>","angelaAchavez",1,FALSE,FALSE,NA,NA
"36","RT @KendallHarmon6: Saturday morning #coronavirus update

- The Total confirmed cases is 11374 
- The Total deaths are 259
- The Total who‚Ä¶",FALSE,0,NA,2020-02-01 14:26:41,FALSE,NA,"1223613646154190849",NA,"<a href=""http://twitter.com/download/iphone"" rel=""nofollow"">Twitter for iPhone</a>","TellTheTruth1",3,TRUE,FALSE,NA,NA
"37","#travel #ŒπŒΩŒ¥ŒπŒ± #india #travelblog #travelblogger #runvel #mysore #mysorepalace #asia #travelgram #digitalnomad‚Ä¶ https://t.co/CtjBnFil3P",FALSE,2,NA,2020-02-01 14:23:59,TRUE,NA,"1223612968128131072",NA,"<a href=""http://twitter.com/download/android"" rel=""nofollow"">Twitter for Android</a>","Runvel_gr",0,FALSE,FALSE,NA,NA
"38","RT @341_SA: ‚Äú Searching For Truth ""

Dr.  Laurence Brown

https://t.co/jauMfGOFGZ

#NBA  #NBAnaESPN  #news  #USA
#UK  #China #Chinese  #Aus‚Ä¶",FALSE,0,NA,2020-02-01 14:13:30,FALSE,NA,"1223610329718054914",NA,"<a href=""http://twitter.com/download/iphone"" rel=""nofollow"">Twitter for iPhone</a>","hayateac",14,TRUE,FALSE,NA,NA
"39","RT @tleclair88: See all the beauty of Thailand in one place at Bangkok‚Äôs Anciety City. And you can also rent a golf cart and go crazy!! Gre‚Ä¶",FALSE,0,NA,2020-02-01 14:12:18,FALSE,NA,"1223610024305532929",NA,"<a href=""http://indiawanders.com"" rel=""nofollow"">Indiawanders</a>","Indiawandersoff",3,TRUE,FALSE,NA,NA
"40","RT @KendallHarmon6: Saturday morning #coronavirus update

- The Total confirmed cases is 11374 
- The Total deaths are 259
- The Total who‚Ä¶",FALSE,0,NA,2020-02-01 14:12:06,FALSE,NA,"1223609977350295553",NA,"<a href=""http://twitter.com/download/iphone"" rel=""nofollow"">Twitter for iPhone</a>","justonepatriot",3,TRUE,FALSE,NA,NA
"41","RT @tleclair88: See all the beauty of Thailand in one place at Bangkok‚Äôs Anciety City. And you can also rent a golf cart and go crazy!! Gre‚Ä¶",FALSE,0,NA,2020-02-01 14:11:57,FALSE,NA,"1223609939094052864",NA,"<a href=""http://www.amadeusworldwide.com"" rel=""nofollow"">TwitterBot 1</a>","ExploreAmadeus",3,TRUE,FALSE,NA,NA
"42","See all the beauty of Thailand in one place at Bangkok‚Äôs Anciety City. And you can also rent a golf cart and go cra‚Ä¶ https://t.co/uhUFdJfv8v",FALSE,4,NA,2020-02-01 14:11:45,TRUE,NA,"1223609887852154888",NA,"<a href=""http://twitter.com/download/iphone"" rel=""nofollow"">Twitter for iPhone</a>","tleclair88",3,FALSE,FALSE,NA,NA
"43","Saturday morning #coronavirus update

- The Total confirmed cases is 11374 
- The Total deaths are 259
- The Total‚Ä¶ https://t.co/YIGN67b77r",FALSE,2,NA,2020-02-01 14:09:17,TRUE,NA,"1223609266843668480",NA,"<a href=""https://mobile.twitter.com"" rel=""nofollow"">Twitter Web App</a>","KendallHarmon6",3,FALSE,FALSE,NA,NA
"44","Ingresa al siguiente enlace https://t.co/1cjIHfdACG para ver el contenido .
.
.
#skygroup #ingenieria #moderno‚Ä¶ https://t.co/v5t3fMPO4S",FALSE,0,NA,2020-02-01 14:01:47,TRUE,NA,"1223607381462003714",NA,"<a href=""https://www.hootsuite.com"" rel=""nofollow"">Hootsuite Inc.</a>","SkyGroupFocus",0,FALSE,FALSE,NA,NA
"45","Malaysia üá≤üáæ Travel Vlog! Final Day in Kuala Lumpur https://t.co/iMgmsoAMfl via @YouTube #asia #kualalumpur‚Ä¶ https://t.co/Ojyi8Tod1n",FALSE,1,NA,2020-02-01 13:49:37,TRUE,NA,"1223604319733329921",NA,"<a href=""http://twitter.com/download/iphone"" rel=""nofollow"">Twitter for iPhone</a>","Simpli_S",0,FALSE,FALSE,NA,NA
"46","RT @341_SA: ‚Äú Searching For Truth ""

Dr.  Laurence Brown

https://t.co/jauMfGOFGZ

#NBA  #NBAnaESPN  #news  #USA
#UK  #China #Chinese  #Aus‚Ä¶",FALSE,0,NA,2020-02-01 13:49:13,FALSE,NA,"1223604219002925056",NA,"<a href=""http://twitter.com/download/iphone"" rel=""nofollow"">Twitter for iPhone</a>","fafofe12345",14,TRUE,FALSE,NA,NA
"47","GD travel in VIETNAM - World's Longest Cable Car Ride - Phu Quoc to Pineapple Island, Vietnam. See the views from o‚Ä¶ https://t.co/0pWBHd8U0s",FALSE,2,NA,2020-02-01 13:23:08,TRUE,NA,"1223597654275502080",NA,"<a href=""https://mobile.twitter.com"" rel=""nofollow"">Twitter Web App</a>","GDTraveltips",1,FALSE,FALSE,NA,NA
"48","RT @341_SA: ‚Äú Searching For Truth ""

Dr.  Laurence Brown

https://t.co/jauMfGOFGZ

#NBA  #NBAnaESPN  #news  #USA
#UK  #China #Chinese  #Aus‚Ä¶",FALSE,0,NA,2020-02-01 13:20:55,FALSE,NA,"1223597095766102016",NA,"<a href=""http://twitter.com/download/iphone"" rel=""nofollow"">Twitter for iPhone</a>","tawwaq11",14,TRUE,FALSE,NA,NA
"49","RT @341_SA: ‚Äú Searching For Truth ""

Dr.  Laurence Brown

https://t.co/jauMfGOFGZ

#NBA  #NBAnaESPN  #news  #USA
#UK  #China #Chinese  #Aus‚Ä¶",FALSE,0,NA,2020-02-01 13:13:27,FALSE,NA,"1223595214931017728",NA,"<a href=""http://twitter.com/download/android"" rel=""nofollow"">Twitter for Android</a>","PaulvsJesus",14,TRUE,FALSE,NA,NA
"50","RT @341_SA: ‚Äú Searching For Truth ""

Dr.  Laurence Brown

https://t.co/jauMfGOFGZ

#NBA  #NBAnaESPN  #news  #USA
#UK  #China #Chinese  #Aus‚Ä¶",FALSE,0,NA,2020-02-01 13:11:32,FALSE,NA,"1223594735127928833",NA,"<a href=""http://twitter.com/download/iphone"" rel=""nofollow"">Twitter for iPhone</a>","unlimited_abu",14,TRUE,FALSE,NA,NA
"51","Tiann‚Äôs Bakery ‚Äì #Singapore ‚Äì Review https://t.co/HlolztG8lW #asia #foodstuffs #reviews #travel",FALSE,0,NA,2020-02-01 13:06:53,FALSE,NA,"1223593563457376257",NA,"<a href=""https://semibudgettravel.com"" rel=""nofollow"">Share Posts to Twitter - SBT</a>","semibudgettrvl",0,FALSE,FALSE,NA,NA
"52","‚Äú Searching For Truth ""

Dr.  Laurence Brown

https://t.co/jauMfGOFGZ

#NBA  #NBAnaESPN  #news  #USA
#UK  #China‚Ä¶ https://t.co/V1sr48sYue",FALSE,7,NA,2020-02-01 13:01:39,TRUE,NA,"1223592246903234564",NA,"<a href=""http://twitter.com/download/iphone"" rel=""nofollow"">Twitter for iPhone</a>","341_SA",14,FALSE,FALSE,NA,NA
"53","‰∏≠Â±±Âçì‰πü„Åè„Çì„Å®ÊºîÊ≠åÁïå„ÅÆ„Éó„É™„É≥„Çπ‰∏≠Êæ§Âçì‰πü„Åè„Çì„ÅÆWÂçì‰πü„ÅåË¶ã„Åü„ÅÑ‚ù§Ô∏èÔºà‚âß‚àá‚â¶Ôºâ‚ù§Ô∏è #‰∏≠Â±±Âçì‰πü #‰∏≠Êæ§Âçì‰πü #Âçì‰πü #„Ç´„ÉÉ„Ç≥„Ç§„Ç§ #‰∏ñÁïå„Åµ„Åó„ÅéÁô∫Ë¶ã #world #ÊºîÊ≠å #„Éó„É™„É≥„Çπ #prince #travel #ÊóÖË°å #ÊóÖ #‰∏ñÁïå #‰∏çÊÄùË≠∞ #Áô∫Ë¶ã #asia #taiwan",FALSE,3,NA,2020-02-01 12:48:06,FALSE,NA,"1223588835260428288",NA,"<a href=""http://twitter.com/download/iphone"" rel=""nofollow"">Twitter for iPhone</a>","cocapola1212",1,FALSE,FALSE,NA,NA
"54","RT @heymeru: üáπüá≠ Your next favourite dessert ever! Thai Mango Sticky Rice.
You just might get hooked! ;) 

https://t.co/ILPzUALpUx

#thai #t‚Ä¶",FALSE,0,NA,2020-02-01 12:17:39,FALSE,NA,"1223581173357481984",NA,"<a href=""http://twitter.com/download/iphone"" rel=""nofollow"">Twitter for iPhone</a>","heymeru",2,TRUE,FALSE,NA,NA
"55","RT @PakistanSecure: Kartarpura Corridor has become a symbol of peace due to great convenience for global Sikh Community. 
‚úàüìå‚õ≥üáµüá∞üíöüáµüá∞üíöüáµüá∞üíöüáµüá∞üíö‚õ≥üìå‚Ä¶",FALSE,0,NA,2020-02-01 12:15:30,FALSE,NA,"1223580634477748229",NA,"<a href=""https://mobile.twitter.com"" rel=""nofollow"">Twitter Web App</a>","KashfiShazia",1,TRUE,FALSE,NA,NA
"56","RT @holidaytimeuk: Fishing boats, Vietnam üòÆ

Photo by IG olivier.apicella

#vietnam #hanoi #saigon #travel #danang #vietnamtravel  #vietnam‚Ä¶",FALSE,0,NA,2020-02-01 10:06:48,FALSE,NA,"1223548243113582592",NA,"<a href=""https://mobile.twitter.com"" rel=""nofollow"">Twitter Web App</a>","CarolSchoenber4",16,TRUE,FALSE,NA,NA
"57","RT @triptime11: Visit Zhangjiajie National Forest Park. The main part of the Wulingyuan Scenic Area in Zhangjiajie National Forest Park was‚Ä¶",FALSE,0,NA,2020-02-01 09:32:01,FALSE,NA,"1223539488871329793",NA,"<a href=""https://buffer.com"" rel=""nofollow"">Buffer</a>","GoZhangjiajie",1,TRUE,FALSE,NA,NA
"58","Mueang Khong, Chiang Dao.

#travel #travelphotography #photooftheday #photography #ShotoniPhone #iPhone‚Ä¶ https://t.co/nuufIN8T37",FALSE,0,NA,2020-02-01 09:20:49,TRUE,NA,"1223536673109299201",NA,"<a href=""http://instagram.com"" rel=""nofollow"">Instagram</a>","ToN_The_Gunner",0,FALSE,FALSE,"98.70913267","19.37609369"
"59","RT @joserodriguezl5: Monkey Beach.
#tailandia #krabi #asia #phiphiisland #monkeybeach #travel #travelphotography #travelblogger #traveladdi‚Ä¶",FALSE,0,NA,2020-02-01 09:12:15,FALSE,NA,"1223534515559202816",NA,"<a href=""http://indiawanders.com"" rel=""nofollow"">Indiawanders</a>","Indiawandersoff",1,TRUE,FALSE,NA,NA
"60","Bacolod City, Negros Occidental, the Philippines üáµüá≠
.
.
#TheRuins #LacsonRuins #ruins #Bacolod #Bacolod2020‚Ä¶ https://t.co/ZwcLSICivW",FALSE,0,NA,2020-02-01 09:11:36,TRUE,NA,"1223534351905890310",NA,"<a href=""http://instagram.com"" rel=""nofollow"">Instagram</a>","viasantiago",0,FALSE,FALSE,"122.99301","10.68533"
"61","RT @AuthorGusPegel: Life is short
Make every single book count üìö
Drive and Stay Alive in #Afghanistan
One Won't Make It !
#India #Travel #A‚Ä¶",FALSE,0,NA,2020-02-01 09:08:11,FALSE,NA,"1223533491876507648",NA,"<a href=""https://mobile.twitter.com"" rel=""nofollow"">Twitter Web App</a>","judehaste_write",74,TRUE,FALSE,NA,NA
"62","Photo op at The Ruins üì∏
.
.
#TheRuins #LacsonRuins #ruins #Bacolod #Bacolod2020 #Philippines #thePhilippines‚Ä¶ https://t.co/46XjLPJgGI",FALSE,0,NA,2020-02-01 09:05:52,TRUE,NA,"1223532910910767105",NA,"<a href=""http://instagram.com"" rel=""nofollow"">Instagram</a>","viasantiago",0,FALSE,FALSE,"122.99301","10.68533"
"63","Monkey Beach.
#tailandia #krabi #asia #phiphiisland #monkeybeach #travel #travelphotography #travelblogger‚Ä¶ https://t.co/TCbAsTkQ8b",FALSE,2,NA,2020-02-01 09:03:42,TRUE,NA,"1223532363487096832",NA,"<a href=""http://instagram.com"" rel=""nofollow"">Instagram</a>","joserodriguezl5",1,FALSE,FALSE,"98.81978923","8.03433006"
"64","U-Bein Bridge Mandalay üì∑ photo nyithit.phys üé© sponsor alfonsodeste_official 
#myanmar #birmania #mandalay‚Ä¶ https://t.co/Ck1yfhs4kB",FALSE,0,NA,2020-02-01 09:01:52,TRUE,NA,"1223531901987753986",NA,"<a href=""http://instagram.com"" rel=""nofollow"">Instagram</a>","Marcohangdrum",0,FALSE,FALSE,"96.05720049","21.89153485"
"65","Overnight in Bacolod for the love of Inasal üôäüêî
.
.
#Bacolod #Bacolod2020 #Philippines #thePhilippines‚Ä¶ https://t.co/8FDn7aTSGu",FALSE,0,NA,2020-02-01 08:59:20,TRUE,NA,"1223531267574181888",NA,"<a href=""http://instagram.com"" rel=""nofollow"">Instagram</a>","viasantiago",0,FALSE,FALSE,NA,NA
"66","RT @CarbonCraftLtd: Learn more about #HongKong üá≠üá∞ traditions, #food, culture, history and much more.
üëáüèª
https://t.co/lNFCuTHpJl
-
#travel #‚Ä¶",FALSE,0,NA,2020-02-01 08:44:11,FALSE,NA,"1223527453081112576",NA,"<a href=""https://www.ben-sad@blogspot.com"" rel=""nofollow"">Fishing Tweets</a>","dailyfishingBot",1,TRUE,FALSE,NA,NA
"67","Learn more about #HongKong üá≠üá∞ traditions, #food, culture, history and much more.
üëáüèª
https://t.co/lNFCuTHpJl
-‚Ä¶ https://t.co/WaQVrFWYAl",FALSE,0,NA,2020-02-01 08:40:52,TRUE,NA,"1223526616397221888",NA,"<a href=""http://twitter.com/#!/download/ipad"" rel=""nofollow"">Twitter for iPad</a>","CarbonCraftLtd",1,FALSE,FALSE,NA,NA
"68","RT @holidaytimeuk: Stunning Photography, taken in Laos

Photo by IG sasintipchai

#laos #luangprabang #travel #asia #lao #southeastasia #la‚Ä¶",FALSE,0,NA,2020-02-01 08:40:13,FALSE,NA,"1223526453138071552",NA,"<a href=""https://mobile.twitter.com"" rel=""nofollow"">Twitter Web App</a>","kam5562",3,TRUE,FALSE,NA,NA
"69","RT @holidaytimeuk: Fishing boats, Vietnam üòÆ

Photo by IG olivier.apicella

#vietnam #hanoi #saigon #travel #danang #vietnamtravel  #vietnam‚Ä¶",FALSE,0,NA,2020-02-01 08:35:38,FALSE,NA,"1223525300891418624",NA,"<a href=""https://mobile.twitter.com"" rel=""nofollow"">Twitter Web App</a>","kam5562",16,TRUE,FALSE,NA,NA
"70","What you should know about Angkor Wat - Travel Guide https://t.co/wIPuONVK8Z 

#Cambodia #Asia #photography #travel‚Ä¶ https://t.co/XKoUmkNGlr",FALSE,0,NA,2020-02-01 08:12:02,TRUE,NA,"1223519362570772490",NA,"<a href=""https://buffer.com"" rel=""nofollow"">Buffer</a>","ET_abroad",0,FALSE,FALSE,NA,NA
"71","Packable Products for a Trip to Southeast #Asia https://t.co/9TSlYbPyg8 #travel",FALSE,0,NA,2020-02-01 08:06:58,FALSE,NA,"1223518086529089536",NA,"<a href=""https://semibudgettravel.com"" rel=""nofollow"">Share Posts to Twitter - SBT</a>","semibudgettrvl",0,FALSE,FALSE,NA,NA
"72","RT @travelust_bible: Beautiful beaches of Malaysia

#Travel #Holiday #Inspiration #Malaysia #Beaches #Asia #Explore #LoveTravel #Adventure‚Ä¶",FALSE,0,NA,2020-02-01 07:50:30,FALSE,NA,"1223513943831957504",NA,"<a href=""http://twitter.com/download/iphone"" rel=""nofollow"">Twitter for iPhone</a>","ann_desouza16",3,TRUE,FALSE,NA,NA
"73","RT @WanderlustXL: Bantayan Island, Cebu #wanderlustXL #beach #islandlife #paradise #travel #Asia #SoutheastAsia #RT #Philippines #ItsMoreFu‚Ä¶",FALSE,0,NA,2020-02-01 07:13:41,FALSE,NA,"1223504678031224833",NA,"<a href=""http://twitter.com/download/iphone"" rel=""nofollow"">Twitter for iPhone</a>","provincialdisco",41,TRUE,FALSE,NA,NA
"74","The Plight of the Asian Elephant 

https://t.co/ASqi8GHmSM

#travel #lookatourworld #travelbloging #travelbloggers‚Ä¶ https://t.co/AYv7xYnOF1",FALSE,1,NA,2020-02-01 06:35:21,TRUE,NA,"1223495031505461248",NA,"<a href=""http://www.totaltraveltag.com"" rel=""nofollow"">Total Travel TAG</a>","NomadicBrits",0,FALSE,FALSE,NA,NA
"75","RT @etravelfair: Built in 1650, The Stadthuys is a fine example of Dutch architecture of that period. It is believed to be the oldest Dutch‚Ä¶",FALSE,0,NA,2020-02-01 06:12:37,FALSE,NA,"1223489310223060992",NA,"<a href=""http://twitter.com/download/android"" rel=""nofollow"">Twitter for Android</a>","Bro_Ajit",1,TRUE,FALSE,NA,NA
"76","‚õ©üóæüáØüáµ
.
.
.
#fbf #tokyo #shibuya #meijijingu #japan #asia #travels #travel #traveling #travelgram #vacation‚Ä¶ https://t.co/HuemzVs6JW",FALSE,0,NA,2020-02-01 05:56:51,TRUE,NA,"1223485343762010112",NA,"<a href=""http://instagram.com"" rel=""nofollow"">Instagram</a>","tricia_koo",0,FALSE,FALSE,"139.70191154","35.67192889"
"77","RT @WanderlustXL: Bantayan Island, Cebu #wanderlustXL #beach #islandlife #paradise #travel #Asia #SoutheastAsia #RT #Philippines #ItsMoreFu‚Ä¶",FALSE,0,NA,2020-02-01 05:54:20,FALSE,NA,"1223484708165521408",NA,"<a href=""https://mobile.twitter.com"" rel=""nofollow"">Twitter Web App</a>","wonispotts",41,TRUE,FALSE,NA,NA
"78","RT @heymeru: üáπüá≠This is a typical staple dish that you can order in #Thailand at any street food shop. Also known as ‚ÄúPad Kra Pow‚Äù - Spicy T‚Ä¶",FALSE,0,NA,2020-02-01 05:31:37,FALSE,NA,"1223478992222576640",NA,"<a href=""http://twitter.com/download/iphone"" rel=""nofollow"">Twitter for iPhone</a>","heymeru",4,TRUE,FALSE,NA,NA
"79","#Malaysia Airlines Golden Lounge Kuala Lumpur KUL satellite review #travel https://t.co/deJYwWeaIz #airlinelounges‚Ä¶ https://t.co/UZ27CkLAc1",FALSE,3,NA,2020-02-01 04:48:05,TRUE,NA,"1223468035266224128",NA,"<a href=""https://everybodyhatesatourist.net"" rel=""nofollow"">Revive Old Post EHAT</a>","ehatourist",0,FALSE,FALSE,NA,NA
"80","Vista. Visit https://t.co/TFIWDvZ3sl

#blog #adventure #wanderlust #travel #soloflight #Asia #Korea #SouthKorea‚Ä¶ https://t.co/g4Gt96FWH7",FALSE,0,NA,2020-02-01 04:29:31,TRUE,NA,"1223463363595972608",NA,"<a href=""http://instagram.com"" rel=""nofollow"">Instagram</a>","isawisay",0,FALSE,FALSE,"128.166","35.5666"
"81","RT @WanderlustXL: Bantayan Island, Cebu #wanderlustXL #beach #islandlife #paradise #travel #Asia #SoutheastAsia #RT #Philippines #ItsMoreFu‚Ä¶",FALSE,0,NA,2020-02-01 04:24:30,FALSE,NA,"1223462103383564288",NA,"<a href=""http://twitter.com/download/android"" rel=""nofollow"">Twitter for Android</a>","WanderlustXL",41,TRUE,FALSE,NA,NA
"82","RT @thekelmk: Backpacking in Sr Lanka üá±üá∞ 
Watch --&gt; https://t.co/Jgk18isZ1s

#backpacking #SriLanka #travel #traveling #TravelSrilanka #tra‚Ä¶",FALSE,0,NA,2020-02-01 04:18:25,FALSE,NA,"1223460571686866944",NA,"<a href=""http://twitter.com/download/android"" rel=""nofollow"">Twitter for Android</a>","thekelmk",7,TRUE,FALSE,NA,NA
"83","RT @thekelmk: Mini Worlds End Sri Lanka üá±üá∞ | Absolute Travel Adventure üåé
Watch --&gt; https://t.co/mkzsJ2VBEB

#world #Worlds2019 #WorldsEnd #‚Ä¶",FALSE,0,NA,2020-02-01 04:18:00,FALSE,NA,"1223460466472685568",NA,"<a href=""http://twitter.com/download/android"" rel=""nofollow"">Twitter for Android</a>","thekelmk",4,TRUE,FALSE,NA,NA
"84","Love month begins. ‚ô• ‚†Ä
.‚†Ä
.‚†Ä
.‚†Ä
#IGMNL #KTGVR #PH #Philippines #grammerph #vacation #pinoy #filipino #asian #travel‚Ä¶ https://t.co/TYmci1prtT",FALSE,0,NA,2020-02-01 04:00:10,TRUE,NA,"1223455977036374017",NA,"<a href=""https://www.apphi.com"" rel=""nofollow"">Apphi</a>","tjrcuenca",0,FALSE,FALSE,NA,NA
"85","Japan Two-Tone Coffee Mug https://t.co/LxW28izPsE via @zazzle #Japan #Japanese #Asia #Orient #NearEast #Art #Poster‚Ä¶ https://t.co/IeJt4n47sT",FALSE,0,NA,2020-02-01 03:17:45,TRUE,NA,"1223445303732293633",NA,"<a href=""http://twitter.com"" rel=""nofollow"">Twitter Web Client</a>","monstervox",0,FALSE,FALSE,NA,NA
"86","Japan Golf Balls https://t.co/ioFFiLZLyN via @zazzle #Japan #Japanese #Asia #Orient #NearEast #Art #Poster #Kimono‚Ä¶ https://t.co/W2mdMc9avt",FALSE,0,NA,2020-02-01 03:16:15,TRUE,NA,"1223444925422768130",NA,"<a href=""http://twitter.com"" rel=""nofollow"">Twitter Web Client</a>","monstervox",0,FALSE,FALSE,NA,NA
"87","Japan Credit Card Bottle Opener https://t.co/NthpAd0r4C via @zazzle #Japan #Japanese #Asia #Orient #NearEast #Art‚Ä¶ https://t.co/wLcfOcAzHt",FALSE,0,NA,2020-02-01 03:14:44,TRUE,NA,"1223444542667411456",NA,"<a href=""http://twitter.com"" rel=""nofollow"">Twitter Web Client</a>","monstervox",0,FALSE,FALSE,NA,NA
"88","Japan Trucker Hat https://t.co/lHlTaNDlJo via @zazzle #Japan #Japanese #Asia #Orient #NearEast #Art #Poster #Kimono‚Ä¶ https://t.co/uqzHtmTURY",FALSE,0,NA,2020-02-01 03:06:36,TRUE,NA,"1223442496258076672",NA,"<a href=""http://twitter.com"" rel=""nofollow"">Twitter Web Client</a>","monstervox",0,FALSE,FALSE,NA,NA
"89","Japan Button https://t.co/aBYpq3NWth via @zazzle #Japan #Japanese #Asia #Orient #NearEast #Art #Poster #Kimono‚Ä¶ https://t.co/hd0wBdMz1v",FALSE,0,NA,2020-02-01 03:04:58,TRUE,NA,"1223442087481413632",NA,"<a href=""http://twitter.com"" rel=""nofollow"">Twitter Web Client</a>","monstervox",0,FALSE,FALSE,NA,NA
"90","Japan Can Cooler https://t.co/mwBRLwOBQJ via @zazzle #Japan #Japanese #Asia #Orient #NearEast #Art #Poster #Kimono‚Ä¶ https://t.co/frrzMR14pP",FALSE,0,NA,2020-02-01 03:03:51,TRUE,NA,"1223441804877426688",NA,"<a href=""http://twitter.com"" rel=""nofollow"">Twitter Web Client</a>","monstervox",0,FALSE,FALSE,NA,NA
"91","Japan Tote Bag https://t.co/7sASb5wZFc via @zazzle #Japan #Japanese #Asia #Orient #NearEast #Art #Poster #Kimono‚Ä¶ https://t.co/5Nt6Li11nH",FALSE,0,NA,2020-02-01 03:00:20,TRUE,NA,"1223440919807946752",NA,"<a href=""http://twitter.com"" rel=""nofollow"">Twitter Web Client</a>","monstervox",0,FALSE,FALSE,NA,NA
"92","Japan Mouse Pad https://t.co/AZXAYVvGaU via @zazzle #Japan #Japanese #Asia #Orient #NearEast #Art #Poster #Kimono‚Ä¶ https://t.co/0Zl4PsZN2f",FALSE,0,NA,2020-02-01 02:48:15,TRUE,NA,"1223437878920765440",NA,"<a href=""http://twitter.com"" rel=""nofollow"">Twitter Web Client</a>","monstervox",0,FALSE,FALSE,NA,NA
"93","RT @TorbayiVoucher: Up to 30% off all bookings
#Budget #Room #manila #pasig 
Available now
Book fast
Message via #Airbnb 
https://t.co/ylLq‚Ä¶",FALSE,0,NA,2020-02-01 02:22:08,FALSE,NA,"1223431307432206336",NA,"<a href=""http://www.wildlingtravels.in/"" rel=""nofollow"">WIldling Travels</a>","WildlingTravels",1,TRUE,FALSE,NA,NA
"94","RT @MandyJRoss: Don‚Äôt know, just go.‚ù§Ô∏è
‚ú® 
The greatest adventures are often the ones you didn‚Äôt plan.üí´
‚ú® 
#fbf to one of the most incredibl‚Ä¶",FALSE,0,NA,2020-02-01 02:21:54,FALSE,NA,"1223431247038500864",NA,"<a href=""http://www.wildlingtravels.in/"" rel=""nofollow"">WIldling Travels</a>","WildlingTravels",1,TRUE,FALSE,NA,NA
"95","Up to 30% off all bookings
#Budget #Room #manila #pasig 
Available now
Book fast
Message via #Airbnb‚Ä¶ https://t.co/I69YRNCZmZ",FALSE,0,NA,2020-02-01 02:20:18,TRUE,NA,"1223430847212048384",NA,"<a href=""http://twitter.com/#!/download/ipad"" rel=""nofollow"">Twitter for iPad</a>","TorbayiVoucher",1,FALSE,FALSE,NA,NA
"96","Don‚Äôt know, just go.‚ù§Ô∏è
‚ú® 
The greatest adventures are often the ones you didn‚Äôt plan.üí´
‚ú® 
#fbf to one of the most i‚Ä¶ https://t.co/eE4ZBVD7Z3",FALSE,1,NA,2020-02-01 02:19:51,TRUE,NA,"1223430730644107264",NA,"<a href=""http://twitter.com/download/android"" rel=""nofollow"">Twitter for Android</a>","MandyJRoss",1,FALSE,FALSE,NA,NA
"97","RT @WanderlustXL: Bantayan Island, Cebu #wanderlustXL #beach #islandlife #paradise #travel #Asia #SoutheastAsia #RT #Philippines #ItsMoreFu‚Ä¶",FALSE,0,NA,2020-02-01 02:18:48,FALSE,NA,"1223430467698950144",NA,"<a href=""http://twitter.com/download/android"" rel=""nofollow"">Twitter for Android</a>","healthpilipinas",41,TRUE,FALSE,NA,NA
"98","Best Kolo Mee in Kuching (&amp; Cat in Malay) https://t.co/NLeyvQYvoY #asia #malaysia #travel",FALSE,0,NA,2020-02-01 02:06:54,FALSE,NA,"1223427474559655936",NA,"<a href=""https://semibudgettravel.com"" rel=""nofollow"">Share Posts to Twitter - SBT</a>","semibudgettrvl",0,FALSE,FALSE,NA,NA
"99","[NEW #ArdorAsia POST] Sozo Aesthetic Clinic ‚Äì Effective, Fast Aesthetic Boost For Busy Individuals‚Ä¶ https://t.co/rt0kcPKrkn",FALSE,0,NA,2020-02-01 02:06:19,TRUE,NA,"1223427327419224065",NA,"<a href=""https://ifttt.com"" rel=""nofollow"">IFTTT</a>","AspirantSG",0,FALSE,FALSE,NA,NA
"100","RT @travelbuddee: The annual Thaipusam Festival is next Saturday. Do you know what the festival is about?
‚úàÔ∏èhttps://t.co/3ReDJWkBkJ

#Trave‚Ä¶",FALSE,0,NA,2020-02-01 01:30:22,FALSE,NA,"1223418277797326850",NA,"<a href=""http://www.cheapflightalerts.org"" rel=""nofollow"">CheapFlightApp</a>","CheapFlightAlts",1,TRUE,FALSE,NA,NA
"101","The annual Thaipusam Festival is next Saturday. Do you know what the festival is about?
‚úàÔ∏èhttps://t.co/3ReDJWkBkJ‚Ä¶ https://t.co/RCBEPLC4T9",FALSE,1,NA,2020-02-01 01:30:06,TRUE,NA,"1223418214006300680",NA,"<a href=""https://www.hootsuite.com"" rel=""nofollow"">Hootsuite Inc.</a>","travelbuddee",1,FALSE,FALSE,NA,NA
"102","Something really great is coming soon.
Stay tuned !

#Science #scifi #space #travel #goodnight #great #disruptive‚Ä¶ https://t.co/GscR4rpiTu",FALSE,2,NA,2020-02-01 01:23:03,TRUE,NA,"1223416440256180225",NA,"<a href=""http://twitter.com/download/iphone"" rel=""nofollow"">Twitter for iPhone</a>","mohammed_jebbar",0,FALSE,FALSE,NA,NA
"103","Gawai Dayak (Good People and Abundant Eats in Sarawak Malaysia) https://t.co/GpGw7OGLsg #asia #malaysia #travel",FALSE,0,NA,2020-02-01 01:06:54,FALSE,NA,"1223412372036915200",NA,"<a href=""https://semibudgettravel.com"" rel=""nofollow"">Share Posts to Twitter - SBT</a>","semibudgettrvl",0,FALSE,FALSE,NA,NA
"104","RT @FTCarryOn: Check out our newest Podcast Episode now: https://t.co/XO6EBRA7q4
The Friends continue their 3-part series on their most rec‚Ä¶",FALSE,0,NA,2020-02-01 00:51:01,FALSE,NA,"1223408378531078145",NA,"<a href=""http://twitter.com/download/iphone"" rel=""nofollow"">Twitter for iPhone</a>","zeppo2",2,TRUE,FALSE,NA,NA
"105","Check out our newest Podcast Episode now: https://t.co/XO6EBRA7q4
The Friends continue their 3-part series on their‚Ä¶ https://t.co/4Q4yIpi6D1",FALSE,2,NA,2020-02-01 00:14:15,TRUE,NA,"1223399125221347330",NA,"<a href=""https://buffer.com"" rel=""nofollow"">Buffer</a>","FTCarryOn",2,FALSE,FALSE,NA,NA
"106","Let&amp;#39;s Go to Southeast #Asia, #Australia and #Fiji

#5stars #Hotel #Resorts #Shangrila‚Ä¶ https://t.co/yaipsmWILB",FALSE,0,NA,2020-01-31 23:27:03,TRUE,NA,"1223387247493468160",NA,"<a href=""http://laviezine.com/"" rel=""nofollow"">La Vie Zine</a>","laviezine",0,FALSE,FALSE,NA,NA
"107","RT @CNN_newstrend: #Asia ‚Äì Asia Borders #Travel #Destinations #tourism #FrizeMedia @Charlesfrize @ https://t.co/CMD3jvA9eK https://t.co/Dhc‚Ä¶",FALSE,0,NA,2020-01-31 21:33:34,FALSE,NA,"1223358688792121345",NA,"<a href=""http://twitter.com/download/iphone"" rel=""nofollow"">Twitter for iPhone</a>","myfoodfantasy69",2,TRUE,FALSE,NA,NA
"108","#Mongolia Central #Asia : Mongolian horses and international horse racing. wonderful. #horseriding #Ulanbaataar‚Ä¶ https://t.co/nGfg9daDa3",FALSE,4,NA,2020-01-31 21:30:17,TRUE,NA,"1223357858861002754",NA,"<a href=""https://buffer.com"" rel=""nofollow"">Buffer</a>","MyBeauDes",0,FALSE,FALSE,NA,NA
"109","RT @AuthorGusPegel: Coffee, sugar &amp; milk in a tube
Jaffle Iron
Mongolian Goulash
Useless three way fridge
Two petrol tanks
One ton of spare‚Ä¶",FALSE,0,NA,2020-01-31 21:28:05,FALSE,NA,"1223357306991206401",NA,"<a href=""https://mobile.twitter.com"" rel=""nofollow"">Twitter Web App</a>","judehaste_write",31,TRUE,FALSE,NA,NA
"110","RT @Charlesfrize: Reading about this: #Asia - Asia Borders #Travel #Destinations #tourism #FrizeMedia - https://t.co/gfmwjSO1sb",FALSE,0,NA,2020-01-31 21:19:12,FALSE,NA,"1223355073306165248",NA,"<a href=""http://twitter.com/download/iphone"" rel=""nofollow"">Twitter for iPhone</a>","myfoodfantasy69",2,TRUE,FALSE,NA,NA
"111","RT @Charlesfrize: #Taiwan - #Travel And Tourism Guide #asia #FrizeMedia https://t.co/78qOIc6F0a via @Charlesfrize",FALSE,0,NA,2020-01-31 20:54:36,FALSE,NA,"1223348878591909891",NA,"<a href=""http://twitter.com/download/iphone"" rel=""nofollow"">Twitter for iPhone</a>","myfoodfantasy69",2,TRUE,FALSE,NA,NA
"112","Get 58$ off your accommodation  when you register in #AIRBNB with https://t.co/hlamnrwKqN and get to see the breath‚Ä¶ https://t.co/UVfxYTclb3",FALSE,0,NA,2020-01-31 20:01:50,TRUE,NA,"1223335603250630657",NA,"<a href=""https://www.hootsuite.com"" rel=""nofollow"">Hootsuite Inc.</a>","AirbnbFree",0,FALSE,FALSE,NA,NA
"113","The water surface on #PhiPhiIslands is just dope üåä üèù üáπüá≠ #LaemtongBeach
.
#KoPhiPhi #KohPhiPhi #Thailand #Sea‚Ä¶ https://t.co/VluULxpK21",FALSE,0,NA,2020-01-31 19:09:29,TRUE,NA,"1223322425590538240",NA,"<a href=""http://instagram.com"" rel=""nofollow"">Instagram</a>","Ethanoljesus",0,FALSE,FALSE,"98.76284369","7.77523599"
"114","Spending 10 days in Vietnam travel itinerary
.
https://t.co/pH3S0NKgUm
.
#vietnam #travel #asia #traveler #explore‚Ä¶ https://t.co/lBaF7QVrxT",FALSE,0,NA,2020-01-31 19:01:16,TRUE,NA,"1223320358150967297",NA,"<a href=""https://www.later.com"" rel=""nofollow"">LaterMedia</a>","horizon_unknown",0,FALSE,FALSE,NA,NA
"115","State Department #Coronavirus Advisory: Impact on #Travel for #China #Asia #Cruises https://t.co/ujO56NlrT2",FALSE,0,NA,2020-01-31 18:51:02,FALSE,NA,"1223317785192697856",NA,"<a href=""http://twitter.com"" rel=""nofollow"">Twitter Web Client</a>","travelagent4u",0,FALSE,FALSE,NA,NA
"116","Bangkok or Pattaya?  Which is your destination choice? Here is what we think: https://t.co/ODcTXyDDEE

#Thailand‚Ä¶ https://t.co/MKcDKajztA",FALSE,0,NA,2020-01-31 18:27:22,TRUE,NA,"1223311828542820352",NA,"<a href=""https://mobile.twitter.com"" rel=""nofollow"">Twitter Web App</a>","PattayaUnplugg1",0,FALSE,FALSE,NA,NA
"117","A visit to the observation deck &amp; #showers during a layover at #Tokyo Haneda HND #travel https://t.co/xRMnYu7QHR‚Ä¶ https://t.co/AUjTQqT65c",FALSE,0,NA,2020-01-31 18:23:52,TRUE,NA,"1223310946267025410",NA,"<a href=""https://everybodyhatesatourist.net"" rel=""nofollow"">Revive Old Post EHAT</a>","ehatourist",0,FALSE,FALSE,NA,NA
"118","Check out my photo on Dreamstime #dreamstimeapp #Malaysia #sunwaypyramid #KL #travel #photo #nightlife #dreamstime‚Ä¶ https://t.co/a4KiXB6plE",FALSE,0,NA,2020-01-31 18:07:23,TRUE,NA,"1223306800415379457",NA,"<a href=""http://twitter.com/download/iphone"" rel=""nofollow"">Twitter for iPhone</a>","lannalalala2",0,FALSE,FALSE,NA,NA
"119","Sarawak Cultural Village (&amp; The Spring Kuching) https://t.co/h3oAtWgh1k #asia #malaysia #travel",FALSE,0,NA,2020-01-31 18:06:58,FALSE,NA,"1223306695532630016",NA,"<a href=""https://semibudgettravel.com"" rel=""nofollow"">Share Posts to Twitter - SBT</a>","semibudgettrvl",0,FALSE,FALSE,NA,NA
"120","RT @UkElectroneum: #cambodian #khmer #cambodia #travel #angkorwat #asian #siemreap #khmerican #khmerpride #asia #southeastasia #cambodiatri‚Ä¶",FALSE,0,NA,2020-01-31 17:32:17,FALSE,NA,"1223297966422863872",NA,"<a href=""http://twitter.com/download/android"" rel=""nofollow"">Twitter for Android</a>","ETN_plankton",2,TRUE,FALSE,NA,NA
"121","RT @flensse: üßø
.
.
#boat #eye #sea #river #lake #danang #hue #vietnam #asia #travel #tourist #trip #photo #photos #pic #pics #picture #pict‚Ä¶",FALSE,0,NA,2020-01-31 17:17:58,FALSE,NA,"1223294363054346242",NA,"<a href=""http://twitter.com/download/iphone"" rel=""nofollow"">Twitter for iPhone</a>","alban_rougon",5,TRUE,FALSE,NA,NA
"122","Corona Virus
And 
Dead Cities in China! 
Youtube Link in BIO
.
.
.

.
#vir√ºs #virus #corona #china #chinavlog‚Ä¶ https://t.co/wmvg1PBpwZ",FALSE,1,NA,2020-01-31 17:14:29,TRUE,NA,"1223293484955770881",NA,"<a href=""http://instagram.com"" rel=""nofollow"">Instagram</a>","geziyoruzabi",0,FALSE,FALSE,NA,NA
"123","TRAVEL | 48 Hours: #Tianjin, #China! https://t.co/Hc7RTbCEj7 #Asia #Travel #FridayMotivation #FridayVibes #lp‚Ä¶ https://t.co/7DUGTEoyX6",FALSE,2,NA,2020-01-31 17:13:29,TRUE,NA,"1223293233377099777",NA,"<a href=""https://mobile.twitter.com"" rel=""nofollow"">Twitter Web App</a>","JTAH_1990",0,FALSE,FALSE,NA,NA
"124","Southeast #Asia #Travel Journal https://t.co/gkv0gLe5J2 #malaysia #singapore",FALSE,0,NA,2020-01-31 17:06:57,FALSE,NA,"1223291591143710721",NA,"<a href=""https://semibudgettravel.com"" rel=""nofollow"">Share Posts to Twitter - SBT</a>","semibudgettrvl",0,FALSE,FALSE,NA,NA
"125","Get a taste of the land of smiles and get and Get 58$ off your accommodation  when you register in #AIRBNB with‚Ä¶ https://t.co/sb9QBBuMWN",FALSE,1,NA,2020-01-31 17:02:16,TRUE,NA,"1223290413437661186",NA,"<a href=""https://www.hootsuite.com"" rel=""nofollow"">Hootsuite Inc.</a>","AirbnbFree",0,FALSE,FALSE,NA,NA
"126","As #coronavirus spreads, #facemasks become a ‚Äòsymbol of protection‚Äô‚Äîand a lighting rod for fear‚Ä¶ https://t.co/7DzYKf3UPw",FALSE,1,NA,2020-01-31 16:41:47,TRUE,NA,"1223285255177633797",NA,"<a href=""http://twitter.com/#!/download/ipad"" rel=""nofollow"">Twitter for iPad</a>","AnnikaKonttinen",0,FALSE,FALSE,NA,NA
"127","As the #coronavirus spreads, fear is fueling racism and xenophobia via ‚Å¶@CNN‚Å© #travel #health #asia https://t.co/EwvPjJo53p",FALSE,1,NA,2020-01-31 16:33:08,FALSE,NA,"1223283082008125441",NA,"<a href=""http://twitter.com/#!/download/ipad"" rel=""nofollow"">Twitter for iPad</a>","AnnikaKonttinen",0,FALSE,FALSE,NA,NA
"128","Night market in Phnom Penh. Good tour bij tuk tuk

#travel #travelblogger #traveling 
#asia #culture https://t.co/7Sh4dKfYDX",FALSE,0,NA,2020-01-31 16:28:22,FALSE,NA,"1223281881363312640",NA,"<a href=""http://twitter.com/download/android"" rel=""nofollow"">Twitter for Android</a>","DutchTravCouple",0,FALSE,FALSE,NA,NA
"129","RT @UkElectroneum: #cambodian #khmer #cambodia #travel #angkorwat #asian #siemreap #khmerican #khmerpride #asia #southeastasia #cambodiatri‚Ä¶",FALSE,0,NA,2020-01-31 16:27:39,FALSE,NA,"1223281701557805059",NA,"<a href=""http://twitter.com/download/iphone"" rel=""nofollow"">Twitter for iPhone</a>","sdgaga74",2,TRUE,FALSE,NA,NA
"130","#cambodian #khmer #cambodia #travel #angkorwat #asian #siemreap #khmerican #khmerpride #asia #southeastasia‚Ä¶ https://t.co/F9dWz3oZLt",FALSE,8,NA,2020-01-31 16:20:59,TRUE,NA,"1223280024708624384",NA,"<a href=""http://twitter.com/download/android"" rel=""nofollow"">Twitter for Android</a>","UkElectroneum",2,FALSE,FALSE,NA,NA
"131","#work #hongkongüá≠üá∞ #centraldistrict #asia #travel #protection https://t.co/1HYm705tOX",FALSE,1,NA,2020-01-31 16:17:41,FALSE,NA,"1223279192864772098",NA,"<a href=""http://twitter.com/download/android"" rel=""nofollow"">Twitter for Android</a>","Elie_39",0,FALSE,FALSE,NA,NA
"132","RT @marco_vrg: #Coronavirus may have infected over 100,000 people in #Wuhan , #scientists believe https://t.co/hGrYssUGaP #virus #HongKong‚Ä¶",FALSE,0,NA,2020-01-31 16:10:14,FALSE,NA,"1223277315825831938",NA,"<a href=""https://mobile.twitter.com"" rel=""nofollow"">Twitter Web App</a>","barbaraszot",1,TRUE,FALSE,NA,NA
"133","Kuala Lumpur in One Day (The Highlights) https://t.co/fYyPjXXdtx #asia #malaysia #travel",FALSE,0,NA,2020-01-31 16:06:53,FALSE,NA,"1223276474385350656",NA,"<a href=""https://semibudgettravel.com"" rel=""nofollow"">Share Posts to Twitter - SBT</a>","semibudgettrvl",0,FALSE,FALSE,NA,NA
"134","#Coronavirus may have infected over 100,000 people in #Wuhan , #scientists believe https://t.co/hGrYssUGaP #virus‚Ä¶ https://t.co/4GDZWrsJth",FALSE,1,NA,2020-01-31 15:53:18,TRUE,NA,"1223273056103227393",NA,"<a href=""http://twitter.com"" rel=""nofollow"">Twitter Web Client</a>","marco_vrg",1,FALSE,FALSE,NA,NA
"135","RT @flensse: üßø
.
.
#boat #eye #sea #river #lake #danang #hue #vietnam #asia #travel #tourist #trip #photo #photos #pic #pics #picture #pict‚Ä¶",FALSE,0,NA,2020-01-31 15:48:27,FALSE,NA,"1223271836466786304",NA,"<a href=""http://twitter.com/download/iphone"" rel=""nofollow"">Twitter for iPhone</a>","Flo_RCHRD",5,TRUE,FALSE,NA,NA
"136","RT @flensse: üßø
.
.
#boat #eye #sea #river #lake #danang #hue #vietnam #asia #travel #tourist #trip #photo #photos #pic #pics #picture #pict‚Ä¶",FALSE,0,NA,2020-01-31 15:45:30,FALSE,NA,"1223271093500370945",NA,"<a href=""http://twitter.com/download/iphone"" rel=""nofollow"">Twitter for iPhone</a>","Junixng",5,TRUE,FALSE,NA,NA
"137","RT @flensse: üßø
.
.
#boat #eye #sea #river #lake #danang #hue #vietnam #asia #travel #tourist #trip #photo #photos #pic #pics #picture #pict‚Ä¶",FALSE,0,NA,2020-01-31 15:45:02,FALSE,NA,"1223270973635465216",NA,"<a href=""http://moqilmoqil.info"" rel=""nofollow"">moqil moqil</a>","mOQIl",5,TRUE,FALSE,NA,NA
"138","RT @flensse: üßø
.
.
#boat #eye #sea #river #lake #danang #hue #vietnam #asia #travel #tourist #trip #photo #photos #pic #pics #picture #pict‚Ä¶",FALSE,0,NA,2020-01-31 15:44:57,FALSE,NA,"1223270952986972160",NA,"<a href=""https://github.com/sukanyaharris"" rel=""nofollow"">G_T_Test</a>","Spider_Gina",5,TRUE,FALSE,NA,NA
"139","üßø
.
.
#boat #eye #sea #river #lake #danang #hue #vietnam #asia #travel #tourist #trip #photo #photos #pic #pics‚Ä¶ https://t.co/FqKUBBx7C8",FALSE,2,NA,2020-01-31 15:44:13,TRUE,NA,"1223270769393917952",NA,"<a href=""http://twitter.com/download/iphone"" rel=""nofollow"">Twitter for iPhone</a>","flensse",5,FALSE,FALSE,NA,NA
"140","RT @LoriMoreno: Gorgeous @regentcruises #Cruise #Asia #Travel #LuxuryTravel #LuxuryLifestyle #Luxury #RegentCruises #Voyager #Sunrise Deck‚Ä¶",FALSE,0,NA,2020-01-31 15:43:31,FALSE,NA,"1223270592574623744",NA,"<a href=""https://mobile.twitter.com"" rel=""nofollow"">Twitter Web App</a>","LoriMoreno",4,TRUE,FALSE,NA,NA
"141","The colourful market of Tulshibaug in #Pune. Do you want to buy a beautiful kurta? üëóüëòüõçÔ∏è
. 
. 
. 
#maharashtra‚Ä¶ https://t.co/Kx5U0BKMyz",FALSE,0,NA,2020-01-31 15:22:53,TRUE,NA,"1223265402836471812",NA,"<a href=""http://instagram.com"" rel=""nofollow"">Instagram</a>","yolanda_dpm",0,FALSE,FALSE,"73.8567","18.5203"
"142","#ChinaCoronaVirus Updates: ""#Russia confirmed its first cases &amp; said it would close its border with #Mongolia""‚Ä¶ https://t.co/l8ws1HvAfN",FALSE,0,NA,2020-01-31 15:07:41,TRUE,NA,"1223261577576701952",NA,"<a href=""https://about.twitter.com/products/tweetdeck"" rel=""nofollow"">TweetDeck</a>","mpondfield",0,FALSE,FALSE,NA,NA
"143","1, 2, 3 SMILE üòä. #zoo #meerkat #camera #smile #wild #animals #taipei #taiwan #asia #holiday #vacation #trip #travel‚Ä¶ https://t.co/AjKaZelrnb",FALSE,0,NA,2020-01-31 14:45:55,TRUE,NA,"1223256099702308865",NA,"<a href=""http://instagram.com"" rel=""nofollow"">Instagram</a>","nurseP13",0,FALSE,FALSE,"121.58328566","24.99692209"
"144","RT @DJLG210: #Indonesia is the largest economy in SE Asia, and the 16th largest economy in the world. No wonder Jay-Z and Serena Williams a‚Ä¶",FALSE,0,NA,2020-01-31 14:44:37,FALSE,NA,"1223255769572835328",NA,"<a href=""http://moqilmoqil.info"" rel=""nofollow"">moqil moqil</a>","mOQIl",1,TRUE,FALSE,NA,NA
"145","#Indonesia is the largest economy in SE Asia, and the 16th largest economy in the world. No wonder Jay-Z and Serena‚Ä¶ https://t.co/KuFxxKnmQg",FALSE,2,NA,2020-01-31 14:44:30,TRUE,NA,"1223255740703371264",NA,"<a href=""http://twitter.com/download/iphone"" rel=""nofollow"">Twitter for iPhone</a>","DJLG210",1,FALSE,FALSE,NA,NA
"146","#Japan innovates on a number of fronts, including these quirky public bathrooms #travel #asia #photography https://t.co/hCjLCdKyJF",FALSE,0,NA,2020-01-31 14:30:11,FALSE,NA,"1223252139314728966",NA,"<a href=""https://smarterqueue.com"" rel=""nofollow"">SmarterQueue</a>","epic7travel",0,FALSE,FALSE,NA,NA
"147","Attending a Doosan Bears KBO game at Jamsil Stadium in Seoul, South Korea #travel https://t.co/wHwVfYHAPq #alcohol‚Ä¶ https://t.co/vEBxszIJ2r",FALSE,0,NA,2020-01-31 14:29:48,TRUE,NA,"1223252042833125383",NA,"<a href=""https://everybodyhatesatourist.net"" rel=""nofollow"">Revive Old Post EHAT</a>","ehatourist",0,FALSE,FALSE,NA,NA
"148","Best Thailand Tourist Spots to Visit in 2020 https://t.co/QIG9FgFmrO #visitThailand #travel #Asia",FALSE,0,NA,2020-01-31 14:16:05,FALSE,NA,"1223248591835107328",NA,"<a href=""http://twitter.com"" rel=""nofollow"">Twitter Web Client</a>","dreamerscape",0,FALSE,FALSE,NA,NA
"149","What to Do in Kuching (on a Leisure Day) https://t.co/yodREASLyf #asia #malaysia #travel",FALSE,0,NA,2020-01-31 14:06:57,FALSE,NA,"1223246291536236544",NA,"<a href=""https://semibudgettravel.com"" rel=""nofollow"">Share Posts to Twitter - SBT</a>","semibudgettrvl",0,FALSE,FALSE,NA,NA
"150","#Karshi #Uzbekistan #Travel #photooftheday #CentralAsia #Asia #travelling #UzbekistanPics https://t.co/FmgxkLo9Bx",FALSE,6,NA,2020-01-31 14:02:19,FALSE,NA,"1223245126161575937",NA,"<a href=""http://twitter.com/download/android"" rel=""nofollow"">Twitter for Android</a>","UzbekistanPics",0,FALSE,FALSE,NA,NA
"151","Explore the fourth most densely populated city in the world with #hiflyvacations 

#hongkong #hk #hkig #malaysia‚Ä¶ https://t.co/q47QA7s0d1",FALSE,0,NA,2020-01-31 13:54:21,TRUE,NA,"1223243122773069824",NA,"<a href=""http://twitter.com/download/android"" rel=""nofollow"">Twitter for Android</a>","hifly27030720",0,FALSE,FALSE,NA,NA
"152","Train Station - Mandalay üì∑ photo nyithit.phys üé© sponsor alfonsodeste_official 
#myanmar #birmania #mandalay #pagoda‚Ä¶ https://t.co/Q874FLrsC5",FALSE,0,NA,2020-01-31 13:16:26,TRUE,NA,"1223233580383580161",NA,"<a href=""http://instagram.com"" rel=""nofollow"">Instagram</a>","Marcohangdrum",0,FALSE,FALSE,"96.08643282","21.9764444"
"153","Top 10 Items to Pack for #Travel to Southeast #Asia https://t.co/Nc5t2rrfBM #products #reviews",FALSE,0,NA,2020-01-31 13:06:59,FALSE,NA,"1223231201344770048",NA,"<a href=""https://semibudgettravel.com"" rel=""nofollow"">Share Posts to Twitter - SBT</a>","semibudgettrvl",0,FALSE,FALSE,NA,NA
"154","Macau with the family üá≤üá¥
.
.
.
#macau #macautravel #macaufort #ruins #ruinsofstpaul #ruinsofstpauls #cannon‚Ä¶ https://t.co/HMSFLmU1yw",FALSE,0,NA,2020-01-31 13:01:07,TRUE,NA,"1223229724731768832",NA,"<a href=""http://instagram.com"" rel=""nofollow"">Instagram</a>","SoftleyBooks",0,FALSE,FALSE,"113.54055556","22.1975"
"155","The river-life on Tonle Sap - The most extensive freshwater lake in Asia.
#SiemReap #FloatingVillage #Cambodia‚Ä¶ https://t.co/lzRQXoGZrl",FALSE,0,NA,2020-01-31 13:00:58,TRUE,NA,"1223229688182525952",NA,"<a href=""https://mobile.twitter.com"" rel=""nofollow"">Twitter Web App</a>","GuidingCambodia",0,FALSE,FALSE,NA,NA
"156","2012 - Moscow, Russia üá∑üá∫ #moscow #russia #saintbasilscathedral #redsquare     #europe #asia #travel‚Ä¶ https://t.co/VntmOlZ99w",FALSE,0,NA,2020-01-31 12:48:56,TRUE,NA,"1223226659572264960",NA,"<a href=""http://instagram.com"" rel=""nofollow"">Instagram</a>","dominguezjorgea",0,FALSE,FALSE,"37.6156","55.7522"
"157","#mailday #plush #plushie #nesoberi #raccoon #araisan #arai #stuffedanimals #stuffedanimalsoftwitter #jumbonesoberi‚Ä¶ https://t.co/1qJ0nZ3U5f",FALSE,1,"DPSSwagoon",2020-01-31 12:07:13,TRUE,"1223216158305734657","1223216160197316614","878618082758897664","<a href=""http://twitter.com/download/android"" rel=""nofollow"">Twitter for Android</a>","DPSSwagoon",0,FALSE,FALSE,NA,NA
"158","RT @EnjoyNature: Blooming spider lily forest at sunrise

#nature #travel #asia #photographer https://t.co/8X8qHFhxjj",FALSE,0,NA,2020-01-31 12:07:09,FALSE,NA,"1223216141679677441",NA,"<a href=""https://mobile.twitter.com"" rel=""nofollow"">Twitter Web App</a>","Vova_Potomkin",183,TRUE,FALSE,NA,NA
"159","Cathay Pacific The Wing First Class Lounge Hong Kong #HKG Review: Around The World #travel https://t.co/lYLIYCSu5m‚Ä¶ https://t.co/53B5AMLWeV",FALSE,0,NA,2020-01-31 11:54:09,TRUE,NA,"1223212872966332423",NA,"<a href=""https://everybodyhatesatourist.net"" rel=""nofollow"">Revive Old Post EHAT</a>","ehatourist",0,FALSE,FALSE,NA,NA
"160","Cinnamon Lakeside Hotel in colombo Sri Lanka https://t.co/46yeAM9eg6 #cinnamonlakeside #hotel #colombo #srilanka‚Ä¶ https://t.co/JdPBT7NJCk",FALSE,0,NA,2020-01-31 11:49:02,TRUE,NA,"1223211584543248385",NA,"<a href=""http://twitter.com"" rel=""nofollow"">Twitter Web Client</a>","Bevsham",0,FALSE,FALSE,NA,NA
"161","Our review on The Kingsbury Hotel in Colombo Sri Lanka https://t.co/B1eZ6zGFCD #Thekingsburyhotel #review #colombo‚Ä¶ https://t.co/THkC9K6VJq",FALSE,0,NA,2020-01-31 11:47:03,TRUE,NA,"1223211084636737537",NA,"<a href=""http://twitter.com"" rel=""nofollow"">Twitter Web Client</a>","Bevsham",0,FALSE,FALSE,NA,NA
"162","OPEN
üì∏ @marcoadventure 

üìç fillingstationbarcafe 

#wheninPH #instatravel #instashot #travel #travelgram‚Ä¶ https://t.co/nDe2BGrK0G",FALSE,0,NA,2020-01-31 11:39:19,TRUE,NA,"1223209138701971456",NA,"<a href=""http://instagram.com"" rel=""nofollow"">Instagram</a>","mynameisjhare",0,FALSE,FALSE,"121.02970362","14.56352226"
"163","We have opportunities for experienced PYP and Science teachers in Japan that are available on our website today!‚Ä¶ https://t.co/4AyXCHB0zn",FALSE,0,NA,2020-01-31 11:30:20,TRUE,NA,"1223206879771447296",NA,"<a href=""https://www.hootsuite.com"" rel=""nofollow"">Hootsuite Inc.</a>","Teacherhorizons",0,FALSE,FALSE,NA,NA
"164","RT @travelust_bible: Beautiful beaches of Malaysia

#Travel #Holiday #Inspiration #Malaysia #Beaches #Asia #Explore #LoveTravel #Adventure‚Ä¶",FALSE,0,NA,2020-01-31 10:43:14,FALSE,NA,"1223195024696971265",NA,"<a href=""http://twitter.com/download/android"" rel=""nofollow"">Twitter for Android</a>","daniB360",3,TRUE,FALSE,NA,NA
"165","Had some coffee delivered from Jay-Z‚Äôs and Serena Williams‚Äô Indonesian #coffee chain, Kopi Kenangan, in #Jakarta, a‚Ä¶ https://t.co/wFIyysl2R4",FALSE,6,NA,2020-01-31 10:17:16,TRUE,NA,"1223188491145641984",NA,"<a href=""http://twitter.com/download/iphone"" rel=""nofollow"">Twitter for iPhone</a>","DJLG210",0,FALSE,FALSE,NA,NA
"166","Best #Flight Deals 2020
Get Best Fares on #Flight_Bookings at Takecare Travels.
Book your Ticket Now!

Call Preeti‚Ä¶ https://t.co/yUp1o4PWrv",FALSE,0,NA,2020-01-31 10:15:01,TRUE,NA,"1223187926172889090",NA,"<a href=""https://mobile.twitter.com"" rel=""nofollow"">Twitter Web App</a>","takecaretravel2",0,FALSE,FALSE,NA,NA
"167","Essential to your road to #success. üíº
https://t.co/ubc2f54sFE
#limos4 #travel #limo #limoservice #limousine‚Ä¶ https://t.co/ldZ0b9zVZt",FALSE,0,NA,2020-01-31 10:08:55,TRUE,NA,"1223186387979161600",NA,"<a href=""https://mobile.twitter.com"" rel=""nofollow"">Twitter Web App</a>","Limos4Net",0,FALSE,FALSE,NA,NA
"168","Nunggu es cendol dhawet lewat, malah liat dia jalan sama org. auto pura2 ga liat deh üòÅ
.
.
.
#penang #malaysia‚Ä¶ https://t.co/Mh03r8mD2k",FALSE,0,NA,2020-01-31 10:08:29,TRUE,NA,"1223186279115915265",NA,"<a href=""http://instagram.com"" rel=""nofollow"">Instagram</a>","fisena_hard",0,FALSE,FALSE,"100.34059176","5.41395283"
"169","RT @travelust_bible: Beautiful beaches of Malaysia

#Travel #Holiday #Inspiration #Malaysia #Beaches #Asia #Explore #LoveTravel #Adventure‚Ä¶",FALSE,0,NA,2020-01-31 09:49:06,FALSE,NA,"1223181402545541121",NA,"<a href=""https://mobile.twitter.com"" rel=""nofollow"">Twitter Web App</a>","ihsant3000",3,TRUE,FALSE,NA,NA
"170","25 amazing things you probably didn‚Äôt know about Armenia! #travel #Armenia #vacation #Caucasus #Europe #Asia #trips 
https://t.co/MAUzimAPVz",FALSE,0,NA,2020-01-31 09:40:17,FALSE,NA,"1223179182059986944",NA,"<a href=""https://mobile.twitter.com"" rel=""nofollow"">Twitter Web App</a>","ZCaucasustours",0,FALSE,FALSE,NA,NA
"171","RT @heymeru: üáπüá≠This is a typical staple dish that you can order in #Thailand at any street food shop. Also known as ‚ÄúPad Kra Pow‚Äù - Spicy T‚Ä¶",FALSE,0,NA,2020-01-31 09:40:16,FALSE,NA,"1223179176984875008",NA,"<a href=""http://twitter.com/download/iphone"" rel=""nofollow"">Twitter for iPhone</a>","happybadassmeal",4,TRUE,FALSE,NA,NA
"172","Beautiful beaches of Malaysia

#Travel #Holiday #Inspiration #Malaysia #Beaches #Asia #Explore #LoveTravel‚Ä¶ https://t.co/yZmAYf9QQR",FALSE,9,NA,2020-01-31 09:30:07,TRUE,NA,"1223176623316512768",NA,"<a href=""https://www.hootsuite.com"" rel=""nofollow"">Hootsuite Inc.</a>","travelust_bible",3,FALSE,FALSE,NA,NA
"173","RT @CarbonCraftLtd: Learn more about #HongKong üá≠üá∞ traditions, #food, culture, history and much more.
üëáüèª
https://t.co/lNFCuTHpJl
-
#travel #‚Ä¶",FALSE,0,NA,2020-01-31 09:26:31,FALSE,NA,"1223175717946646529",NA,"<a href=""http://twitter.com/#!/download/ipad"" rel=""nofollow"">Twitter for iPad</a>","CarbonCraftLtd",1,TRUE,FALSE,NA,NA
"174","Phi phi Island .
#tailandia #asia #phiphiisland #krabi #travel #travelphotography #travelblogger #traveladdict‚Ä¶ https://t.co/d22Om4419H",FALSE,0,NA,2020-01-31 09:19:53,TRUE,NA,"1223174050048102400",NA,"<a href=""http://instagram.com"" rel=""nofollow"">Instagram</a>","joserodriguezl5",0,FALSE,FALSE,"98.77326657","7.73995084"
"175","RT @WanderlustXL: Bantayan Island, Cebu #wanderlustXL #beach #islandlife #paradise #travel #Asia #SoutheastAsia #RT #Philippines #ItsMoreFu‚Ä¶",FALSE,0,NA,2020-01-31 09:15:09,FALSE,NA,"1223172858429358080",NA,"<a href=""http://twitter.com/#!/download/ipad"" rel=""nofollow"">Twitter for iPad</a>","kuuuu0802",41,TRUE,FALSE,NA,NA
"176","RT @WooddTravel: üü°Visitez Singapore üá∏üá¨ sans VISA avec votre passeport congolais. #WooddTravel 

üîª Adresse : 189, rue Nyangwe, Huilerie, Lin‚Ä¶",FALSE,0,NA,2020-01-31 09:07:31,FALSE,NA,"1223170939082498051",NA,"<a href=""http://twitter.com/download/iphone"" rel=""nofollow"">Twitter for iPhone</a>","Kennyeyana",1,TRUE,FALSE,NA,NA
"177","üü°Visitez Singapore üá∏üá¨ sans VISA avec votre passeport congolais. #WooddTravel 

üîª Adresse : 189, rue Nyangwe, Huiler‚Ä¶ https://t.co/mS68cPtCUg",FALSE,4,NA,2020-01-31 09:05:48,TRUE,NA,"1223170505433239552",NA,"<a href=""http://twitter.com/download/iphone"" rel=""nofollow"">Twitter for iPhone</a>","WooddTravel",1,FALSE,FALSE,NA,NA
"178","Keep your head up, there are beautiful things in the sky üåå üá®üá≥

üì∏: @timwah 
Location: Macao, China
        
#travel‚Ä¶ https://t.co/smMgsy4TWX",FALSE,1,NA,2020-01-31 09:04:22,TRUE,NA,"1223170142563119104",NA,"<a href=""http://twitter.com/download/iphone"" rel=""nofollow"">Twitter for iPhone</a>","DiskavaTravel",1,FALSE,FALSE,NA,NA
"179","Welcome adventurers! Join me on a wild journey of beautiful memories and amazing discoveries in fantastic Asia. Let‚Ä¶ https://t.co/PTUUQ8vzeR",FALSE,0,NA,2020-01-31 08:57:52,TRUE,NA,"1223168507732357120",NA,"<a href=""http://twitter.com/download/android"" rel=""nofollow"">Twitter for Android</a>","TipsChestAsia",0,FALSE,FALSE,NA,NA
"180","Why Do Chinese Buy Live Donkeys, Camels and Koalas as ‚ÄúSpecialty Foods‚Äù at China Markets? Make ban on Chinese wildl‚Ä¶ https://t.co/wCmkm4RAMZ",FALSE,2,NA,2020-01-31 08:26:40,TRUE,NA,"1223160658859978752",NA,"<a href=""http://twitter.com/download/iphone"" rel=""nofollow"">Twitter for iPhone</a>","ArchitectureGS",0,FALSE,FALSE,NA,NA
"181","RT @EnjoyNature: Blooming spider lily forest at sunrise

#nature #travel #asia #photographer https://t.co/8X8qHFhxjj",FALSE,0,NA,2020-01-31 08:12:26,FALSE,NA,"1223157074969841664",NA,"<a href=""http://twitter.com/download/android"" rel=""nofollow"">Twitter for Android</a>","IMRANKHANMOGUL",183,TRUE,FALSE,NA,NA
"182","RT @vasquil: #mingun #waterreflection #travel #watercolor #myanmar #instatravel #birmania #wanderlust #buddhism #explore #travelphotography‚Ä¶",FALSE,0,NA,2020-01-31 08:12:20,FALSE,NA,"1223157051163136001",NA,"<a href=""http://indiawanders.com"" rel=""nofollow"">Indiawanders</a>","Indiawandersoff",1,TRUE,FALSE,NA,NA
"183","RT @UtuGlobal: What adventures will U have this year?
.
.
.
#UTU #Beyond #Borders #Tourist #Travel #Shopping #Experience #Brands #Rewards #‚Ä¶",FALSE,0,NA,2020-01-31 08:10:49,FALSE,NA,"1223156668751589376",NA,"<a href=""http://twitter.com/download/android"" rel=""nofollow"">Twitter for Android</a>","solboricua_md",4,TRUE,FALSE,NA,NA
"184","#mingun #waterreflection #travel #watercolor #myanmar #instatravel #birmania #wanderlust #buddhism #explore‚Ä¶ https://t.co/y99Vf5G8ZA",FALSE,0,NA,2020-01-31 08:08:26,TRUE,NA,"1223156067342921729",NA,"<a href=""http://instagram.com"" rel=""nofollow"">Instagram</a>","vasquil",1,FALSE,FALSE,"96.01751111","22.05085556"
"185","Toast Box ‚Äì Chinatown Point ‚Äì #Singapore ‚Äì Review https://t.co/MyjNEyfIoY #asia #foodstuffs #reviews #travel",FALSE,0,NA,2020-01-31 08:06:55,FALSE,NA,"1223155687900844032",NA,"<a href=""https://semibudgettravel.com"" rel=""nofollow"">Share Posts to Twitter - SBT</a>","semibudgettrvl",0,FALSE,FALSE,NA,NA
"186","RT @UtuGlobal: What adventures will U have this year?
.
.
.
#UTU #Beyond #Borders #Tourist #Travel #Shopping #Experience #Brands #Rewards #‚Ä¶",FALSE,0,NA,2020-01-31 08:04:48,FALSE,NA,"1223155155924705282",NA,"<a href=""http://twitter.com/download/android"" rel=""nofollow"">Twitter for Android</a>","nickyintown",4,TRUE,FALSE,NA,NA
"187","Boleh mohon, jika layak anda akan ada sesi temu duga. HQ akan email atau kami buat panggilan untuk hadir sesi temu‚Ä¶ https://t.co/21Ju6goocA",FALSE,0,"budaksalji_",2020-01-31 07:54:47,TRUE,"1223152628705574917","1223152634128822274","2785722318","<a href=""http://twitter.com/download/iphone"" rel=""nofollow"">Twitter for iPhone</a>","budaksalji_",1,FALSE,FALSE,NA,NA
"188","#China envoy says East Malaysia #travel ban regrettable, hopes for reversal https://t.co/t7bIQRkqde #Asia #Pacific‚Ä¶ https://t.co/38LDp6jIdp",FALSE,0,NA,2020-01-31 07:54:17,TRUE,NA,"1223152508576653312",NA,"<a href=""http://twitter.com"" rel=""nofollow"">Twitter Web Client</a>","agency_pan",0,FALSE,FALSE,NA,NA
"189","There‚Äôs no greater wealth than peace of mind üåø
w/ @tong1990s 
.
.
.
.

#thailand #bangkok #travel #phuket #thai‚Ä¶ https://t.co/wqhQ2Vbl4P",FALSE,0,NA,2020-01-31 07:46:49,TRUE,NA,"1223150627968167938",NA,"<a href=""http://instagram.com"" rel=""nofollow"">Instagram</a>","capourbex",0,FALSE,FALSE,"98.9817","18.7903"
"190","Built in 1650, The Stadthuys is a fine example of Dutch architecture of that period. It is believed to be the oldes‚Ä¶ https://t.co/uEPRXGdprM",FALSE,0,NA,2020-01-31 07:45:34,TRUE,NA,"1223150312044654593",NA,"<a href=""https://mobile.twitter.com"" rel=""nofollow"">Twitter Web App</a>","etravelfair",1,FALSE,FALSE,NA,NA
"191","#singapore #asia #anchorage #kotwica #stena #stenaedda #stenalineukie #stenaline #underway to #irishsea #hotday‚Ä¶ https://t.co/PndpOFtPZO",FALSE,0,NA,2020-01-31 07:17:25,TRUE,NA,"1223143229316571137",NA,"<a href=""https://ifttt.com"" rel=""nofollow"">IFTTT</a>","stanfse",0,FALSE,FALSE,NA,NA
"192","#singapore #asia #anchorage #kotwica #stena #stenaedda #stenalineukie #stenaline #underway to #irishsea #hotday‚Ä¶ https://t.co/ZXiq57kODj",FALSE,0,NA,2020-01-31 07:17:23,TRUE,NA,"1223143222400167936",NA,"<a href=""https://ifttt.com"" rel=""nofollow"">IFTTT</a>","stanfse",0,FALSE,FALSE,NA,NA
"193","#singapore #asia #anchorage #kotwica #stena #stenaedda #stenalineukie #stenaline #underway to #irishsea #hotday‚Ä¶ https://t.co/joL62Trhyr",FALSE,0,NA,2020-01-31 07:17:20,TRUE,NA,"1223143209821405184",NA,"<a href=""https://ifttt.com"" rel=""nofollow"">IFTTT</a>","stanfse",0,FALSE,FALSE,NA,NA
"194","#Mavcom imposes fines on AirAsia, AirAsia X, MAHB | read: https://t.co/B6t93Ppa9K | #Airline #Asia #Travel https://t.co/9DFjDF2CK8",FALSE,0,NA,2020-01-31 07:17:02,FALSE,NA,"1223143131547197441",NA,"<a href=""https://www.retailnews.asia"" rel=""nofollow"">RetailNews.asia</a>","retailnewsasia",0,FALSE,FALSE,NA,NA
"195","Pagoda Mandalay üì∑ photo nyithit.phys üé© sponsor alfonsodeste_official 
#myanmar #birmania #mandalay #pagoda #white‚Ä¶ https://t.co/cb7tKRg3zU",FALSE,0,NA,2020-01-31 07:15:38,TRUE,NA,"1223142782740549632",NA,"<a href=""http://instagram.com"" rel=""nofollow"">Instagram</a>","Marcohangdrum",0,FALSE,FALSE,"96.109758","22.00347"
"196","RT @isawisay: Two-way. Visit https://t.co/3PHHPBHLJ1

#blog #adventure #wanderlust #travel #soloflight #Asia #Korea #SouthKorea #KoreanOdys‚Ä¶",FALSE,0,NA,2020-01-31 07:09:27,FALSE,NA,"1223141224795791366",NA,"<a href=""https://www.botlibre.com"" rel=""nofollow"">Bot Libre!</a>","Wordpress_Word",1,TRUE,FALSE,NA,NA
"197","Two-way. Visit https://t.co/3PHHPBHLJ1

#blog #adventure #wanderlust #travel #soloflight #Asia #Korea #SouthKorea‚Ä¶ https://t.co/fAjuun3TcB",FALSE,0,NA,2020-01-31 07:07:52,TRUE,NA,"1223140826680832002",NA,"<a href=""http://instagram.com"" rel=""nofollow"">Instagram</a>","isawisay",1,FALSE,FALSE,"128.166","35.5666"
"198","Such tranquility, there's magic in the air

#kerala #keralatourism  #godsowncountry #india #incredibleindia #peace‚Ä¶ https://t.co/vmVSp2UHxL",FALSE,0,NA,2020-01-31 06:49:20,TRUE,NA,"1223136163130724353",NA,"<a href=""http://instagram.com"" rel=""nofollow"">Instagram</a>","_wanderinjunkie",0,FALSE,FALSE,NA,NA
"199","Walking the #Seoul City Wall ‚Äì Heunginjimun Gate Trail section #travel https://t.co/hoXBzWlcQN #art #asia‚Ä¶ https://t.co/jG8J8FmfUJ",FALSE,1,NA,2020-01-31 06:42:44,TRUE,NA,"1223134500315639810",NA,"<a href=""https://everybodyhatesatourist.net"" rel=""nofollow"">Revive Old Post EHAT</a>","ehatourist",0,FALSE,FALSE,NA,NA
"200","RT @StoopidGenius87: üì¢üì¢LISTEN UPüì¢üì¢

#Giveaway #Travel #WorldTravel #World #AroundTheWorld #Asia #Africa #NorthAmerica #SouthAmerica #Centra‚Ä¶",FALSE,0,NA,2020-01-31 06:41:29,FALSE,NA,"1223134187303186432",NA,"<a href=""http://twitter.com/download/iphone"" rel=""nofollow"">Twitter for iPhone</a>","mrxcluziive",1,TRUE,FALSE,NA,NA
"201","Best Place to Stay in Kuching Citadines Uplands Kuching Review https://t.co/qwPrcj930S #asia #lodging #malaysia #reviews #travel",FALSE,0,NA,2020-01-31 06:06:52,FALSE,NA,"1223125475867783170",NA,"<a href=""https://semibudgettravel.com"" rel=""nofollow"">Share Posts to Twitter - SBT</a>","semibudgettrvl",0,FALSE,FALSE,NA,NA
"202","#morning #food #coffee #relax #sea  #beach #asia #vscocam #vscox #travel #nowinter #explore #background‚Ä¶ https://t.co/aeYDyUGemS",FALSE,0,NA,2020-01-31 06:02:20,TRUE,NA,"1223124332370509830",NA,"<a href=""https://ifttt.com"" rel=""nofollow"">IFTTT</a>","madeonwater",0,FALSE,FALSE,NA,NA
"203","Looking to relocate? Let Xpats Help you relocate with a dedicated mobility team at your service

#expat #expatwoman‚Ä¶ https://t.co/k4Gh1eyIGs",FALSE,0,NA,2020-01-31 05:30:16,TRUE,NA,"1223116264710627328",NA,"<a href=""https://www.hootsuite.com"" rel=""nofollow"">Hootsuite Inc.</a>","Xpatsglobal",0,FALSE,FALSE,NA,NA
"204","The best craft #beer in Kyoto, #Japan #travel https://t.co/digjX1s6CX #alcohol #aroundtheworld #asia #bars #craftbeer",FALSE,0,NA,2020-01-31 05:24:42,FALSE,NA,"1223114864064729088",NA,"<a href=""https://everybodyhatesatourist.net"" rel=""nofollow"">Revive Old Post EHAT</a>","ehatourist",0,FALSE,FALSE,NA,NA
"205","Best Things to Do in KL with Kids (KLCC Area) https://t.co/j7VQgIoQ9n #asia #malaysia #travel",FALSE,0,NA,2020-01-31 05:07:04,FALSE,NA,"1223110423995506689",NA,"<a href=""https://semibudgettravel.com"" rel=""nofollow"">Share Posts to Twitter - SBT</a>","semibudgettrvl",0,FALSE,FALSE,NA,NA
"206","5 Days in Seoul: The Perfect‚Äã Itinerary via @Wheregoesrose 

#Seoul #SouthKorea #travel #Asia #BucketList‚Ä¶ https://t.co/w7A9lboBvE",FALSE,2,NA,2020-01-31 04:45:03,TRUE,NA,"1223104885215772673",NA,"<a href=""https://buffer.com"" rel=""nofollow"">Buffer</a>","middleagetravel",0,FALSE,FALSE,NA,NA
"207","Nuevamente me dejas sin palabras querida @pukupuko. ARIGATO.
.
.
#amigos #regalos #asia #japon #mexico #gifts‚Ä¶ https://t.co/soi6V6v0kY",FALSE,1,NA,2020-01-31 04:03:41,TRUE,NA,"1223094474328375297",NA,"<a href=""http://instagram.com"" rel=""nofollow"">Instagram</a>","gms0121",0,FALSE,FALSE,NA,NA
"208","#touristtrap #realthai #food #travel #explore #nightshot #shotoniphone #vscocam #asia #neon https://t.co/56Ugddif0J https://t.co/9dINTQtpoE",FALSE,0,NA,2020-01-31 03:32:13,FALSE,NA,"1223086557789392901",NA,"<a href=""https://ifttt.com"" rel=""nofollow"">IFTTT</a>","madeonwater",0,FALSE,FALSE,NA,NA
"209","RT @heymeru: üáπüá≠ My 10 best Thai food recommendations to expand your horizons beyond Pad Thai! 

https://t.co/9rCxi1j1SB

#thai #thailand #t‚Ä¶",FALSE,0,NA,2020-01-31 03:15:04,FALSE,NA,"1223082239505784832",NA,"<a href=""http://twitter.com/download/iphone"" rel=""nofollow"">Twitter for iPhone</a>","heymeru",2,TRUE,FALSE,NA,NA
"210","Starting the day with some #delicious coffee up in the mountains of #Chiangdao in the Northern region of #Thailand.‚Ä¶ https://t.co/yaDGTuPvS8",FALSE,4,NA,2020-01-31 03:12:36,TRUE,NA,"1223081620648779777",NA,"<a href=""http://twitter.com/download/iphone"" rel=""nofollow"">Twitter for iPhone</a>","heymeru",0,FALSE,FALSE,NA,NA
"211","Japan Magnet https://t.co/S53RrVjZmN via @zazzle #Japan #Japanese #Asia #Orient #NearEast #Art #Poster #Kimono‚Ä¶ https://t.co/MC0CWRjMdW",FALSE,0,NA,2020-01-31 03:06:31,TRUE,NA,"1223080086905077760",NA,"<a href=""http://twitter.com"" rel=""nofollow"">Twitter Web Client</a>","monstervox",0,FALSE,FALSE,NA,NA
"212","Japan Flash Drive https://t.co/mv1CG5HZZx via @zazzle #Japan #Japanese #Asia #Orient #NearEast #Art #Poster #Kimono‚Ä¶ https://t.co/0cOvs1CmzZ",FALSE,0,NA,2020-01-31 03:04:00,TRUE,NA,"1223079456589271041",NA,"<a href=""http://twitter.com"" rel=""nofollow"">Twitter Web Client</a>","monstervox",0,FALSE,FALSE,NA,NA
"213","Japan Thermal Tumbler https://t.co/5kyX0kGEjX via @zazzle #Japan #Japanese #Asia #Orient #NearEast #Art #Poster‚Ä¶ https://t.co/16Ga8mgNBU",FALSE,0,NA,2020-01-31 03:01:57,TRUE,NA,"1223078941344194560",NA,"<a href=""http://twitter.com"" rel=""nofollow"">Twitter Web Client</a>","monstervox",0,FALSE,FALSE,NA,NA
"214","Japan Stainless Steel Water Bottle https://t.co/PwyojCTgm3 via @zazzle #Japan #Japanese #Asia #Orient #NearEast‚Ä¶ https://t.co/vsA3fou15e",FALSE,0,NA,2020-01-31 02:59:08,TRUE,NA,"1223078232280293377",NA,"<a href=""http://twitter.com"" rel=""nofollow"">Twitter Web Client</a>","monstervox",0,FALSE,FALSE,NA,NA
"215","Japan Luggage Tag https://t.co/pX8s4y1LXL via @zazzle #Japan #Japanese #Asia #Orient #NearEast #Art #Poster #Kimono‚Ä¶ https://t.co/rYOMigst9h",FALSE,0,NA,2020-01-31 02:57:24,TRUE,NA,"1223077795623948288",NA,"<a href=""http://twitter.com"" rel=""nofollow"">Twitter Web Client</a>","monstervox",0,FALSE,FALSE,NA,NA
"216","Japan Plaque https://t.co/ydozRq8oUZ via @zazzle #Japan #Japanese #Asia #Orient #NearEast #Art #Poster #Kimono‚Ä¶ https://t.co/qWClUN13i9",FALSE,0,NA,2020-01-31 02:55:54,TRUE,NA,"1223077416681127936",NA,"<a href=""http://twitter.com"" rel=""nofollow"">Twitter Web Client</a>","monstervox",0,FALSE,FALSE,NA,NA
"217","RT @WanderlustXL: Bantayan Island, Cebu #wanderlustXL #beach #islandlife #paradise #travel #Asia #SoutheastAsia #RT #Philippines #ItsMoreFu‚Ä¶",FALSE,0,NA,2020-01-31 02:52:13,FALSE,NA,"1223076488972398592",NA,"<a href=""http://twitter.com/download/android"" rel=""nofollow"">Twitter for Android</a>","utyumiu",41,TRUE,FALSE,NA,NA
"218","Japan Notebook https://t.co/xRJQspDLYR via @zazzle #Japan #Japanese #Asia #Orient #NearEast #Art #Poster #Kimono‚Ä¶ https://t.co/yY0xHCvz2U",FALSE,0,NA,2020-01-31 02:51:27,TRUE,NA,"1223076295665307648",NA,"<a href=""http://twitter.com"" rel=""nofollow"">Twitter Web Client</a>","monstervox",0,FALSE,FALSE,NA,NA
"219","Japan Wrapping Paper https://t.co/qw0y5m31Eg via @zazzle #Japan #Japanese #Asia #Orient #NearEast #Art #Poster‚Ä¶ https://t.co/JukRk6Wz64",FALSE,0,NA,2020-01-31 02:49:42,TRUE,NA,"1223075856479686656",NA,"<a href=""http://twitter.com"" rel=""nofollow"">Twitter Web Client</a>","monstervox",0,FALSE,FALSE,NA,NA
"220","Japan Postcard https://t.co/Rxf0jxOo2h via @zazzle #Japan #Japanese #Asia #Orient #NearEast #Art #Poster #Kimono‚Ä¶ https://t.co/dr85A7PyJN",FALSE,0,NA,2020-01-31 02:44:56,TRUE,NA,"1223074655486935040",NA,"<a href=""http://twitter.com"" rel=""nofollow"">Twitter Web Client</a>","monstervox",0,FALSE,FALSE,NA,NA
"221","Japan Card https://t.co/Lw2t3zYrir via @zazzle    #Japan #Japanese #Asia #Orient #NearEast #Art #Poster #Kimono‚Ä¶ https://t.co/o4gMmBoQtP",FALSE,0,NA,2020-01-31 02:37:28,TRUE,NA,"1223072776958824449",NA,"<a href=""http://twitter.com"" rel=""nofollow"">Twitter Web Client</a>","monstervox",0,FALSE,FALSE,NA,NA
"222","Good Morning. #travel #travelphotography #photooftheday #photography #ShotoniPhone #iPhone #iphonephotography‚Ä¶ https://t.co/1aTEdo9reN",FALSE,0,NA,2020-01-31 01:58:11,TRUE,NA,"1223062893362630658",NA,"<a href=""http://instagram.com"" rel=""nofollow"">Instagram</a>","ToN_The_Gunner",0,FALSE,FALSE,"98.70913267","19.37609369"
"223","Hotel Laundry Room Etiquette (&amp; #Singapore to Kuching) https://t.co/yIe6ZupF4Z #asia #malaysia #travel",FALSE,0,NA,2020-01-31 01:06:59,FALSE,NA,"1223050008498278400",NA,"<a href=""https://semibudgettravel.com"" rel=""nofollow"">Share Posts to Twitter - SBT</a>","semibudgettrvl",0,FALSE,FALSE,NA,NA
"224","RT @EnjoyNature: Blooming spider lily forest at sunrise

#nature #travel #asia #photographer https://t.co/8X8qHFhxjj",FALSE,0,NA,2020-01-31 00:38:54,FALSE,NA,"1223042939347070976",NA,"<a href=""https://mobile.twitter.com"" rel=""nofollow"">Twitter Web App</a>","edjlazar",183,TRUE,FALSE,NA,NA
"225","RT @EnjoyNature: Blooming spider lily forest at sunrise

#nature #travel #asia #photographer https://t.co/8X8qHFhxjj",FALSE,0,NA,2020-01-31 00:32:35,FALSE,NA,"1223041350867787776",NA,"<a href=""https://mobile.twitter.com"" rel=""nofollow"">Twitter Web App</a>","EnjoyNature",183,TRUE,FALSE,NA,NA
"226","Ruinnninnin it .üëÅ #travelphotography #explorethailand #thailand #bangkok #phuket #travel #asia #instadaily‚Ä¶ https://t.co/EldduEvXSD",FALSE,0,NA,2020-01-30 23:32:33,TRUE,NA,"1223026240967335937",NA,"<a href=""http://instagram.com"" rel=""nofollow"">Instagram</a>","SamMarange",0,FALSE,FALSE,"100.56804422","14.35643382"
"227","Explore Sarawak Culture Beyond Kuching (Orangutans, Jungle, Longhouses, &amp; More!) https://t.co/EELqIYNrqE #asia #malaysia #travel",FALSE,0,NA,2020-01-30 23:06:56,FALSE,NA,"1223019796976955393",NA,"<a href=""https://semibudgettravel.com"" rel=""nofollow"">Share Posts to Twitter - SBT</a>","semibudgettrvl",0,FALSE,FALSE,NA,NA
"228","Go see the post before this

üì¢üì¢LISTEN UPüì¢üì¢

GIVEAWAY IS ON

#Giveaway #Travel #WorldTravel #World #AroundTheWorld‚Ä¶ https://t.co/XABTmrc7ah",FALSE,0,NA,2020-01-30 21:08:45,TRUE,NA,"1222990055356215304",NA,"<a href=""http://instagram.com"" rel=""nofollow"">Instagram</a>","PHOENIXX954",0,FALSE,FALSE,NA,NA
"229","Indian Ocean Journeys ‚Äì This Week in Travel 252  #podcast #travel #asia https://t.co/gHsv59X8aC",FALSE,0,NA,2020-01-30 20:30:06,FALSE,NA,"1222980326000975872",NA,"<a href=""https://bloggerbridge.com"" rel=""nofollow"">BloggerBridge</a>","chris2x",0,FALSE,FALSE,NA,NA
"230","RT @PinkMolly___: Love my issues 
.
.
.
.
.
#tbt #travel #asia #singapore #trip #life #lifegoals #action #lifestyle https://t.co/67qTv1uAM6",FALSE,0,NA,2020-01-30 20:10:37,FALSE,NA,"1222975423610486792",NA,"<a href=""http://twitter.com/download/iphone"" rel=""nofollow"">Twitter for iPhone</a>","PinkMolly___",1,TRUE,FALSE,NA,NA
"231","Love my issues 
.
.
.
.
.
#tbt #travel #asia #singapore #trip #life #lifegoals #action #lifestyle https://t.co/67qTv1uAM6",FALSE,4,NA,2020-01-30 20:09:25,FALSE,NA,"1222975119934611456",NA,"<a href=""http://twitter.com/download/iphone"" rel=""nofollow"">Twitter for iPhone</a>","PinkMolly___",1,FALSE,FALSE,NA,NA
"232","Get 58$ off your accommodation  when you register in #AIRBNB with https://t.co/hlamnrwKqN and get to see the breath‚Ä¶ https://t.co/xrJ78CCp5R",FALSE,0,NA,2020-01-30 20:01:18,TRUE,NA,"1222973080336846851",NA,"<a href=""https://www.hootsuite.com"" rel=""nofollow"">Hootsuite Inc.</a>","AirbnbFree",0,FALSE,FALSE,NA,NA
"233","RT @WanderlustXL: Bantayan Island, Cebu #wanderlustXL #beach #islandlife #paradise #travel #Asia #SoutheastAsia #RT #Philippines #ItsMoreFu‚Ä¶",FALSE,0,NA,2020-01-30 19:43:00,FALSE,NA,"1222968472931577862",NA,"<a href=""http://twitter.com/download/iphone"" rel=""nofollow"">Twitter for iPhone</a>","GloriaLagop",41,TRUE,FALSE,NA,NA
"234","Follow the path your heart leads you on. üåç-
//
üìçMyanmar üá≤üá≤-
//
//
#travel #travelphotography #travelblogger‚Ä¶ https://t.co/95SYPUOZo1",FALSE,1,NA,2020-01-30 19:26:02,TRUE,NA,"1222964204262641666",NA,"<a href=""https://fanpagerobot.com/"" rel=""nofollow"">Fan Page Robot</a>","WorldTravelpicz",0,FALSE,FALSE,NA,NA
"235","RT @mpondfield: ‚ÄúMoving forward, we can expect to see more cases, and more cases means more potential for person-to-person spread.‚Äù @CDCgov‚Ä¶",FALSE,0,NA,2020-01-30 19:19:38,FALSE,NA,"1222962594618793990",NA,"<a href=""http://twitter.com/download/iphone"" rel=""nofollow"">Twitter for iPhone</a>","jneumonicll",3,TRUE,FALSE,NA,NA
"236","RT @mpondfield: ‚ÄúMoving forward, we can expect to see more cases, and more cases means more potential for person-to-person spread.‚Äù @CDCgov‚Ä¶",FALSE,0,NA,2020-01-30 19:10:52,FALSE,NA,"1222960386019860481",NA,"<a href=""http://twitter.com/download/android"" rel=""nofollow"">Twitter for Android</a>","BNichollso",3,TRUE,FALSE,NA,NA
"237","RT @mpondfield: ‚ÄúMoving forward, we can expect to see more cases, and more cases means more potential for person-to-person spread.‚Äù @CDCgov‚Ä¶",FALSE,0,NA,2020-01-30 19:09:25,FALSE,NA,"1222960021002170375",NA,"<a href=""http://twitter.com/download/iphone"" rel=""nofollow"">Twitter for iPhone</a>","coriiiiiiiiiii1",3,TRUE,FALSE,NA,NA
"238","‚ÄúMoving forward, we can expect to see more cases, and more cases means more potential for person-to-person spread.‚Äù‚Ä¶ https://t.co/3itxFtbSej",FALSE,0,NA,2020-01-30 19:09:03,TRUE,NA,"1222959929016954880",NA,"<a href=""https://about.twitter.com/products/tweetdeck"" rel=""nofollow"">TweetDeck</a>","mpondfield",3,FALSE,FALSE,NA,NA
"239","This is the story of my suspicious drug search in Pai, Thailand!
.
Have you ever been drug searched while travellin‚Ä¶ https://t.co/2AsYLVjrXH",FALSE,0,NA,2020-01-30 19:01:08,TRUE,NA,"1222957936726638593",NA,"<a href=""https://www.later.com"" rel=""nofollow"">LaterMedia</a>","horizon_unknown",0,FALSE,FALSE,NA,NA
"240","Until next time. Back to Jackson Hole today :) #singapore #asia #travel https://t.co/3YoRwpiqsG https://t.co/g8zwUd2JUa",FALSE,0,NA,2020-01-30 18:36:17,FALSE,NA,"1222951685007511552",NA,"<a href=""https://ifttt.com"" rel=""nofollow"">IFTTT</a>","austinamayer1",0,FALSE,FALSE,NA,NA
"241","üì¢üì¢LISTEN UPüì¢üì¢

#Giveaway #Travel #WorldTravel #World #AroundTheWorld #Asia #Africa #NorthAmerica #SouthAmerica‚Ä¶ https://t.co/0niIrLCnWH",FALSE,0,NA,2020-01-30 18:09:30,TRUE,NA,"1222944941984362497",NA,"<a href=""http://instagram.com"" rel=""nofollow"">Instagram</a>","StoopidGenius87",1,FALSE,FALSE,NA,NA
"242","üì¢üì¢LISTEN UPüì¢üì¢

#Giveaway #Travel #WorldTravel #World #AroundTheWorld #Asia #Africa #NorthAmerica #SouthAmerica‚Ä¶ https://t.co/YpvUNdV9Zd",FALSE,0,NA,2020-01-30 17:54:10,TRUE,NA,"1222941084147429377",NA,"<a href=""http://instagram.com"" rel=""nofollow"">Instagram</a>","PHOENIXX954",0,FALSE,FALSE,NA,NA
"243","Discover #Asia‚Äôs most awe inspiring temples üõï https://t.co/Y25GyXpPOi #travel https://t.co/GkmT0rWS5I",FALSE,0,NA,2020-01-30 17:02:20,FALSE,NA,"1222928042206679041",NA,"<a href=""https://www.hootsuite.com"" rel=""nofollow"">Hootsuite Inc.</a>","AvantiTravelIns",0,FALSE,FALSE,NA,NA
"244","Get a taste of the land of smiles and get and Get 58$ off your accommodation  when you register in #AIRBNB with‚Ä¶ https://t.co/riRPHsjEld",FALSE,0,NA,2020-01-30 17:01:34,TRUE,NA,"1222927847498665990",NA,"<a href=""https://www.hootsuite.com"" rel=""nofollow"">Hootsuite Inc.</a>","AirbnbFree",0,FALSE,FALSE,NA,NA
"245","RT @heymeru: üáπüá≠This is a typical staple dish that you can order in #Thailand at any street food shop. Also known as ‚ÄúPad Kra Pow‚Äù - Spicy T‚Ä¶",FALSE,0,NA,2020-01-30 16:37:29,FALSE,NA,"1222921788004302849",NA,"<a href=""http://twitter.com/download/android"" rel=""nofollow"">Twitter for Android</a>","ramblinfoodie",4,TRUE,FALSE,NA,NA
"246","üáπüá≠This is a typical staple dish that you can order in #Thailand at any street food shop. Also known as ‚ÄúPad Kra Pow‚Ä¶ https://t.co/6v2ku2gUsr",FALSE,3,NA,2020-01-30 16:36:38,TRUE,NA,"1222921572245106689",NA,"<a href=""http://twitter.com/download/iphone"" rel=""nofollow"">Twitter for iPhone</a>","heymeru",4,FALSE,FALSE,NA,NA
"247","#Travel Washcloth Review https://t.co/Wmdco6dlV3 #asia #products #reviews",FALSE,0,NA,2020-01-30 16:07:01,FALSE,NA,"1222914119801507841",NA,"<a href=""https://semibudgettravel.com"" rel=""nofollow"">Share Posts to Twitter - SBT</a>","semibudgettrvl",0,FALSE,FALSE,NA,NA
"248","Learn more about #HongKong üá≠üá∞ traditions, #food, culture, history and much more.
üëáüèª
https://t.co/lNFCuTHpJl
-‚Ä¶ https://t.co/zAwxZVaXUT",FALSE,1,NA,2020-01-30 16:01:06,TRUE,NA,"1222912630362464256",NA,"<a href=""http://twitter.com/#!/download/ipad"" rel=""nofollow"">Twitter for iPad</a>","CarbonCraftLtd",1,FALSE,FALSE,NA,NA
"249","#mountainside #scenery #taiwan #jiufen #asia #green #outdoor #nature #sky #gloomyday #trip #travel #adventure‚Ä¶ https://t.co/I8jMEerLpQ",FALSE,0,NA,2020-01-30 14:45:05,TRUE,NA,"1222893500842332160",NA,"<a href=""http://instagram.com"" rel=""nofollow"">Instagram</a>","nurseP13",0,FALSE,FALSE,"121.50704535","25.0441226"
"250","Marina Bay #marinabay #singapore #amazing #view #travel #viajeros #video #asia #bay #love #argentina #expat‚Ä¶ https://t.co/AvT1yWJ3CG",FALSE,0,NA,2020-01-30 14:06:34,TRUE,NA,"1222883807768064000",NA,"<a href=""http://instagram.com"" rel=""nofollow"">Instagram</a>","Feer33",0,FALSE,FALSE,"103.858889","1.288333"
"251","üïå#singapore #arabstreet #mosque #asia #argentina #viajeros #travel #amazingplaces #expat #photo #instagood @ Masjid‚Ä¶ https://t.co/xvKLUmc6a7",FALSE,0,NA,2020-01-30 14:04:35,TRUE,NA,"1222883306531848194",NA,"<a href=""http://instagram.com"" rel=""nofollow"">Instagram</a>","Feer33",0,FALSE,FALSE,"103.85899007","1.30225054"
"252","üåà#singapore #Singapur #travel #asia #colors #viajeros #travelphotography #amazingplaces #arhentina #expat‚Ä¶ https://t.co/oBwbmKfguq",FALSE,0,NA,2020-01-30 14:02:39,TRUE,NA,"1222882823205462016",NA,"<a href=""http://instagram.com"" rel=""nofollow"">Instagram</a>","Feer33",0,FALSE,FALSE,"103.856","1.29306"
"253","Myüåû #Singapore #ootd #love #travel #Singapur #babyboy #miamor #viajeros #arabstreet #asia #expat #argentina #color‚Ä¶ https://t.co/bbcYZUSy3Y",FALSE,0,NA,2020-01-30 13:58:31,TRUE,NA,"1222881783697629186",NA,"<a href=""http://instagram.com"" rel=""nofollow"">Instagram</a>","Feer33",0,FALSE,FALSE,"103.85822222","1.30225"
"254","Tran Quac Pagoda, Hanoi

#vietnam #hanoi #travel #asia #wanderlust #beautifuldestinations #lovetravel #travelbug‚Ä¶ https://t.co/QQzrlNpK9B",FALSE,0,NA,2020-01-30 13:42:40,TRUE,NA,"1222877794864189441",NA,"<a href=""http://instagram.com"" rel=""nofollow"">Instagram</a>","TheVegVoyager",0,FALSE,FALSE,"105.8555971","21.0320552"
"255","‡∏û‡∏≤‡∏™‡∏≤‡∏ô ‡∏ô‡∏Ñ‡∏£‡∏™‡∏ß‡∏£‡∏£‡∏Ñ‡πå ‡πÑ‡∏õ‡∏°‡∏≤‡πÄ‡∏°‡∏∑‡πà‡∏≠‡∏Å‡πà‡∏≠‡∏ô‡∏™‡∏¥‡πâ‡∏ô‡∏õ‡∏µ

#traveler #traveling #travelpic #travel #mobilephotography #river #building‚Ä¶ https://t.co/DHLtWcA5ny",FALSE,0,NA,2020-01-30 13:16:10,TRUE,NA,"1222871125350178816",NA,"<a href=""http://instagram.com"" rel=""nofollow"">Instagram</a>","CHinNOi7",0,FALSE,FALSE,"100.14248136","15.70161121"
"256","RT @AuthorGusPegel: Life is short...make every single book count üìö #TuesdayThoughts 
Drive and Stay Alive in #Afghanistan
One Won't Make It‚Ä¶",FALSE,0,NA,2020-01-30 13:11:23,FALSE,NA,"1222869919966072834",NA,"<a href=""https://mobile.twitter.com"" rel=""nofollow"">Twitter Web App</a>","Nblackthorne",131,TRUE,FALSE,NA,NA
"257","#TBT to hanging out with orangutans in Kuching! üêµüá≤üáæ 

#TanukaTravels #tanukaontour #tanukathetraveller‚Ä¶ https://t.co/6ZYfC7S2Bx",FALSE,1,NA,2020-01-30 13:04:32,TRUE,NA,"1222868197482741760",NA,"<a href=""http://twitter.com/download/iphone"" rel=""nofollow"">Twitter for iPhone</a>","tmittra",0,FALSE,FALSE,NA,NA
"258","üåç‚úàÔ∏è 57 Countries and Counting...
Next: Hong Kong
#HongKong @British_Airways 

Then: Boracay, The Philippines üáµüá≠‚Ä¶ https://t.co/x4QFZum7c8",FALSE,0,NA,2020-01-30 12:55:52,TRUE,NA,"1222866015522115591",NA,"<a href=""http://twitter.com/download/iphone"" rel=""nofollow"">Twitter for iPhone</a>","Callumundo",0,FALSE,FALSE,NA,NA
"259","Helpppp!!!!
.
https://t.co/uOmqWZJ6mS
.
#Yogyakarta #MuseumOfPuppetry #Indonesia #WonderfulIndonesia #Asia‚Ä¶ https://t.co/KbJQf8vvm9",FALSE,0,NA,2020-01-30 12:35:10,TRUE,NA,"1222860804879335427",NA,"<a href=""http://instagram.com"" rel=""nofollow"">Instagram</a>","KeepCalmWander",0,FALSE,FALSE,NA,NA
"260","Heading to Jordan soon? Here is the Ultimate Guide on how to spend the perfect day in Petra. üëáüèΩ‚Ä¶ https://t.co/CqOBVktlBD",FALSE,2,NA,2020-01-30 12:30:38,TRUE,NA,"1222859663869468672",NA,"<a href=""https://mobile.twitter.com"" rel=""nofollow"">Twitter Web App</a>","travel_louisa",0,FALSE,FALSE,NA,NA
"261","#Singapore Itinerary 2 Days (Budget-Friendly) https://t.co/Xjw42bV2ph #asia #travel",FALSE,0,NA,2020-01-30 12:07:01,FALSE,NA,"1222853722377572353",NA,"<a href=""https://semibudgettravel.com"" rel=""nofollow"">Share Posts to Twitter - SBT</a>","semibudgettrvl",0,FALSE,FALSE,NA,NA
"262","RT @PaulFDavis: #China‚Äôs #coronavirus is a global #epidemic. #Diseases #travel w #people. 

#virus #Chinese #WorldTravel #viruses #Asia #Th‚Ä¶",FALSE,0,NA,2020-01-30 11:36:32,FALSE,NA,"1222846051377459201",NA,"<a href=""https://mobile.twitter.com"" rel=""nofollow"">Twitter Web App</a>","ForLapua",1,TRUE,FALSE,NA,NA
"263","#China‚Äôs #coronavirus is a global #epidemic. #Diseases #travel w #people. 

#virus #Chinese #WorldTravel #viruses‚Ä¶ https://t.co/8eYS9MemGc",FALSE,0,NA,2020-01-30 11:34:38,TRUE,NA,"1222845573784432641",NA,"<a href=""http://twitter.com/download/iphone"" rel=""nofollow"">Twitter for iPhone</a>","PaulFDavis",1,FALSE,FALSE,NA,NA
"264","The volume of visitor receipts in Southeast #Asia has grown 33% since 2015, and is likely to keep growing.‚Ä¶ https://t.co/IOAXdEEsVF",FALSE,0,NA,2020-01-30 11:25:04,TRUE,NA,"1222843165444575234",NA,"<a href=""https://www.hootsuite.com"" rel=""nofollow"">Hootsuite Inc.</a>","JerIndoHa",0,FALSE,FALSE,NA,NA
"265","#Hiking in Seoraksan National Park ‚Äì Heundeulbawi Rock, Gyejoam Grotto, &amp; Ulsanbawi Rock #travel‚Ä¶ https://t.co/6WgAvxH79E",FALSE,0,NA,2020-01-30 11:12:49,TRUE,NA,"1222840082631143425",NA,"<a href=""https://everybodyhatesatourist.net"" rel=""nofollow"">Revive Old Post EHAT</a>","ehatourist",0,FALSE,FALSE,NA,NA
"266","Sometimes life doesn't give you what you want, not because you don't deserve it, but because you deserve so much mo‚Ä¶ https://t.co/zpiPLLFf57",FALSE,0,NA,2020-01-30 10:45:27,TRUE,NA,"1222833193147080704",NA,"<a href=""http://instagram.com"" rel=""nofollow"">Instagram</a>","alexfatrisman",0,FALSE,FALSE,NA,NA
"267","RT @ToN_The_Gunner: Window Canvas.

#travel #travelphotography #photooftheday #photography #ShotoniPhone #iPhone #iphonephotography #iphone‚Ä¶",FALSE,0,NA,2020-01-30 10:12:24,FALSE,NA,"1222824879268999168",NA,"<a href=""http://indiawanders.com"" rel=""nofollow"">Indiawanders</a>","Indiawandersoff",1,TRUE,FALSE,NA,NA
"268","Window Canvas.

#travel #travelphotography #photooftheday #photography #ShotoniPhone #iPhone #iphonephotography‚Ä¶ https://t.co/UDr5kSKmy6",FALSE,0,NA,2020-01-30 10:11:38,TRUE,NA,"1222824683554377728",NA,"<a href=""http://instagram.com"" rel=""nofollow"">Instagram</a>","ToN_The_Gunner",1,FALSE,FALSE,"98.70913267","19.37609369"
"269","Get 58$ off your accommodation in the Miracle of the #Han in #Seoul #Korea when you register in #AIRBNB with‚Ä¶ https://t.co/kYMLlGy8Y8",FALSE,0,NA,2020-01-30 10:05:11,TRUE,NA,"1222823060782436352",NA,"<a href=""https://www.hootsuite.com"" rel=""nofollow"">Hootsuite Inc.</a>","AirbnbFree",0,FALSE,FALSE,NA,NA
"270","#Indonesia #Island #Bali #Baliisland  #temple #sky #Nature #vacation  #traveler #travel #tourists #Tourism #asia‚Ä¶ https://t.co/MfU5YWskKd",FALSE,0,NA,2020-01-30 10:01:08,TRUE,NA,"1222822043835490305",NA,"<a href=""http://instagram.com"" rel=""nofollow"">Instagram</a>","divingoff",0,FALSE,FALSE,"115.2153","-8.6764"
"271","Finally got round to watching the BBC series #raceacrosstheworld - it was utterly brilliant! As if I didn‚Äôt have th‚Ä¶ https://t.co/ZYepEremXD",FALSE,0,NA,2020-01-30 09:55:33,TRUE,NA,"1222820635967016960",NA,"<a href=""http://twitter.com/download/iphone"" rel=""nofollow"">Twitter for iPhone</a>","MissGeogBrown",0,FALSE,FALSE,NA,NA
"272","RT @EnjoyNature: Blooming spider lily forest at sunrise

#nature #travel #asia #photographer https://t.co/8X8qHFhxjj",FALSE,0,NA,2020-01-30 09:53:43,FALSE,NA,"1222820176975917056",NA,"<a href=""http://twitter.com/download/android"" rel=""nofollow"">Twitter for Android</a>","kitt4560",183,TRUE,FALSE,NA,NA
"273","RT @GDTraveltips: Two weeks today... 
#Vietnam #siam #hochiminh #Travel #traveling #travelling #adventure #Asia #trip #holidays #holiday #v‚Ä¶",FALSE,0,NA,2020-01-30 08:56:46,FALSE,NA,"1222805844464689152",NA,"<a href=""https://mobile.twitter.com"" rel=""nofollow"">Twitter Web App</a>","GDTraveltips",1,TRUE,FALSE,NA,NA
"274","#
#TBT: A month ago when we were freezing in beautiful #Taipei! #Taiwan #Asia #Travel #Travelblogger‚Ä¶ https://t.co/tnV5sU2y4h",FALSE,1,NA,2020-01-30 08:42:22,TRUE,NA,"1222802219944304641",NA,"<a href=""http://twitter.com/download/iphone"" rel=""nofollow"">Twitter for iPhone</a>","TwinMomTravels",0,FALSE,FALSE,NA,NA
"275","ÈÄôÂπæÂ§©Â∞±Âõû‰æÜÊù±Âçó‰∫ûÈÅøÂØíÂÅöÈü≥Ê®ÇÂ•Ω‰∫Ü winter is here, time to hide in Asia and make music here ‚úàÔ∏èüéµ

#recording #asia #travel #boy‚Ä¶ https://t.co/wqBBkkxu5S",FALSE,2,NA,2020-01-30 08:36:12,TRUE,NA,"1222800668081127424",NA,"<a href=""http://instagram.com"" rel=""nofollow"">Instagram</a>","jerictan",0,FALSE,FALSE,NA,NA
"276","Blue Temple.
#tailandia #asia #chiangrai #bluetemplechiangrai #bluetemple #travel #travelphotography #travelblogger‚Ä¶ https://t.co/Zzxt6fNub2",FALSE,0,NA,2020-01-30 08:29:23,TRUE,NA,"1222798951813931010",NA,"<a href=""http://instagram.com"" rel=""nofollow"">Instagram</a>","joserodriguezl5",0,FALSE,FALSE,"99.8333","19.9"
"277","ForbesInspector:

Check out these standout villas in #Asia: https://t.co/XsgCDvqths DataiLangkawi FSMaldives‚Ä¶ https://t.co/G87BISJPKK",FALSE,0,NA,2020-01-30 08:07:14,TRUE,NA,"1222793379756625920",NA,"<a href=""https://ifttt.com"" rel=""nofollow"">IFTTT</a>","TravelBizOpp",0,FALSE,FALSE,NA,NA
"278","Kathmandu in Minecraft

Make your own:  https://t.co/AHH7g5klHb

#Minecraft #Earth #world #MinecraftEdu #OpenData‚Ä¶ https://t.co/IlLYmttT9B",FALSE,2,NA,2020-01-30 08:01:33,TRUE,NA,"1222791946281914369",NA,"<a href=""https://mobile.twitter.com"" rel=""nofollow"">Twitter Web App</a>","GeoBoxers",0,FALSE,FALSE,NA,NA
"279","#China #virus toll rises to 170 as #countries isolate citizens to stop global spread  https://t.co/tkPSkMgmYR‚Ä¶ https://t.co/vK4XCv9rF1",FALSE,0,NA,2020-01-30 07:29:14,TRUE,NA,"1222783815850123264",NA,"<a href=""http://twitter.com"" rel=""nofollow"">Twitter Web Client</a>","marco_vrg",0,FALSE,FALSE,NA,NA
"280","Southeast #Asia #Travel Journal https://t.co/gkv0gKWuks #malaysia #singapore",FALSE,0,NA,2020-01-30 07:06:54,FALSE,NA,"1222778197139279873",NA,"<a href=""https://semibudgettravel.com"" rel=""nofollow"">Share Posts to Twitter - SBT</a>","semibudgettrvl",0,FALSE,FALSE,NA,NA
"281","RT @Marta_Diezma: ...a year ago üìçTHAILAND üôèüèº 

#tailandia #thailand #travel #phuket #asia #travelphotography #travelgram #instatravel #viaj‚Ä¶",FALSE,0,NA,2020-01-30 06:48:47,FALSE,NA,"1222773634600665088",NA,"<a href=""https://twitter.com/L_Moretti_Foto"" rel=""nofollow"">Lorezobot</a>","L_Moretti_Foto",1,TRUE,FALSE,NA,NA
"282","...a year ago üìçTHAILAND üôèüèº 

#tailandia #thailand #travel #phuket #asia #travelphotography #travelgram #instatravel‚Ä¶ https://t.co/kq8t0kEy3V",FALSE,1,NA,2020-01-30 06:46:08,TRUE,NA,"1222772970197848065",NA,"<a href=""http://twitter.com/download/iphone"" rel=""nofollow"">Twitter for iPhone</a>","Marta_Diezma",1,FALSE,FALSE,NA,NA
"283","Thanks Thomas! üòÅ#asialikealocal #clientfeedback #review #backyardtravel #ttot #travel #asia https://t.co/vhZGGfRifi",FALSE,0,NA,2020-01-30 06:00:07,FALSE,NA,"1222761388805738497",NA,"<a href=""https://www.hootsuite.com"" rel=""nofollow"">Hootsuite Inc.</a>","Backyard_Travel",0,FALSE,FALSE,NA,NA
"284","British Airways, United Airlines, American Airlines, Air Asia, Cathay Pacific, Air India, IndiGo, Lufthansa and Fin‚Ä¶ https://t.co/i9CdjYF39j",FALSE,0,NA,2020-01-30 05:56:37,TRUE,NA,"1222760509847457792",NA,"<a href=""https://mobile.twitter.com"" rel=""nofollow"">Twitter Web App</a>","BoilerRoomTweet",0,FALSE,FALSE,NA,NA
"285","#Pilaf #plov #Uzbekistan #Travel2020 #travelblogger #Travel #CentralAsia #Asia #Food https://t.co/HHY7pkUQxh",FALSE,10,NA,2020-01-30 05:13:24,FALSE,NA,"1222749629999190017",NA,"<a href=""http://twitter.com/download/android"" rel=""nofollow"">Twitter for Android</a>","UzbekistanPics",0,FALSE,FALSE,NA,NA
"286","RT @AuthorGusPegel: Coffee, sugar &amp; milk in a tube
Jaffle Iron
Mongolian Goulash
Useless three way fridge
Two petrol tanks
One ton of spare‚Ä¶",FALSE,0,NA,2020-01-30 04:58:40,FALSE,NA,"1222745924524331008",NA,"<a href=""http://twitter.com"" rel=""nofollow"">Twitter Web Client</a>","cw_hawes",31,TRUE,FALSE,NA,NA
"287","RT @Kohaku_Designs: 20% Off Sitewide at https://t.co/ZBtjXTtcbF! Use Code: ZAZWEEKDAY20 

#art #design #dogs #cats #pets #animals #shibainu‚Ä¶",FALSE,0,NA,2020-01-30 04:55:10,FALSE,NA,"1222745042114183168",NA,"<a href=""https://mobile.twitter.com"" rel=""nofollow"">Twitter Web App</a>","GQuakerz",4,TRUE,FALSE,NA,NA
"288","""As these maps show, the disease has been detected in at least 16 other countries, almost all involving people who‚Ä¶ https://t.co/WmnYcaEJZf",FALSE,0,NA,2020-01-30 04:50:07,TRUE,NA,"1222743771185590274",NA,"<a href=""https://about.twitter.com/products/tweetdeck"" rel=""nofollow"">TweetDeck</a>","mpondfield",0,FALSE,FALSE,NA,NA
"289","üçÉüíßüèä
.
.
Location: Hungduan, Ifugao, Philippines
.
.
#JuandeRen #SonyA6300 
#Sony 
_________________________________‚Ä¶ https://t.co/5yMlB7TR7k",FALSE,0,NA,2020-01-30 04:37:37,TRUE,NA,"1222740626493657090",NA,"<a href=""http://instagram.com"" rel=""nofollow"">Instagram</a>","Ren_OneAndOnly",0,FALSE,FALSE,"120.99329376","16.8704567"
"290","üíßüèä
.
.
Location: Hungduan, Ifugao, Philippines
.
.
#JuandeRen #SonyA6300 
#Sony 
_________________________________‚Ä¶ https://t.co/7pR2WgZUiv",FALSE,0,NA,2020-01-30 04:37:12,TRUE,NA,"1222740521187192836",NA,"<a href=""http://instagram.com"" rel=""nofollow"">Instagram</a>","Ren_OneAndOnly",0,FALSE,FALSE,"120.99329376","16.8704567"
"291","RT @CarbonCraftLtd: This is the core ‚ô•Ô∏è of Thailand üáπüá≠ 
üëáüèª
https://t.co/IGDKdceCSE
‚Äî
#thailand #bangkok #travel #phuket #love #photooftheda‚Ä¶",FALSE,0,NA,2020-01-30 04:35:47,FALSE,NA,"1222740166017720320",NA,"<a href=""http://twitter.com/#!/download/ipad"" rel=""nofollow"">Twitter for iPad</a>","CarbonCraftLtd",1,TRUE,FALSE,NA,NA
"292","""Ninh Binh River"", blue &amp; purple islands in the Ninh Binh river, Vietnam. Art photo. https://t.co/lcB2S0PDll‚Ä¶ https://t.co/Dj5ngttq2K",FALSE,5,NA,2020-01-30 04:26:02,TRUE,NA,"1222737711645196290",NA,"<a href=""https://buffer.com"" rel=""nofollow"">Buffer</a>","JWestrupp",0,FALSE,FALSE,NA,NA
"293","How to Plan #Singapore #Malaysia Trip (on a Semi-Budget) https://t.co/dWFUjhDN1O #asia #travel",FALSE,0,NA,2020-01-30 04:06:57,FALSE,NA,"1222732907380260864",NA,"<a href=""https://semibudgettravel.com"" rel=""nofollow"">Share Posts to Twitter - SBT</a>","semibudgettrvl",0,FALSE,FALSE,NA,NA
"294","#nocomment #taxi #asia #dontbeshy #travel #discover #fun #relaxed #driving #colorful #changegear‚Ä¶ https://t.co/gaH0F0PBC5",FALSE,0,NA,2020-01-30 04:02:13,TRUE,NA,"1222731719423512576",NA,"<a href=""https://ifttt.com"" rel=""nofollow"">IFTTT</a>","madeonwater",0,FALSE,FALSE,NA,NA
"295","Mutual love for swimming. üèä ‚†Ä
.‚†Ä
.‚†Ä
.‚†Ä
#IGMNL #KTGVR #PH #Philippines #grammerph #vacation #pinoy #filipino #asian‚Ä¶ https://t.co/rAlNRuIRp4",FALSE,0,NA,2020-01-30 04:00:18,TRUE,NA,"1222731234096214017",NA,"<a href=""https://www.apphi.com"" rel=""nofollow"">Apphi</a>","tjrcuenca",0,FALSE,FALSE,NA,NA
"296","Exploring Fairy Caves Kuching (&amp; Sporting Adidas Kampung) https://t.co/Jr1aFSg9ou #asia #malaysia #travel",FALSE,0,NA,2020-01-30 03:06:58,FALSE,NA,"1222717813564960769",NA,"<a href=""https://semibudgettravel.com"" rel=""nofollow"">Share Posts to Twitter - SBT</a>","semibudgettrvl",0,FALSE,FALSE,NA,NA
"297","#ignorance #is #not #an #asset #es #cl_f  #stocks #singapore #asia #china #us #virus #oil #gasoline #india #natty #nq #europe #travel",FALSE,0,NA,2020-01-30 02:55:17,FALSE,NA,"1222714875660722176",NA,"<a href=""http://twitter.com/download/iphone"" rel=""nofollow"">Twitter for iPhone</a>","cltrdr",0,FALSE,FALSE,NA,NA
"298","A visit to Ryoanji Temple, Kinkaku Temple, &amp; Fushimi Inari Shrine + eating takoyaki &amp; okonomiyaki in Kyoto, #Japan‚Ä¶ https://t.co/zjk2o1M6WD",FALSE,0,NA,2020-01-30 02:06:55,TRUE,NA,"1222702703429722112",NA,"<a href=""https://everybodyhatesatourist.net"" rel=""nofollow"">Revive Old Post EHAT</a>","ehatourist",0,FALSE,FALSE,NA,NA
"299","Sunset at Angkor Wat
‚Ä¢
‚Ä¢
‚Ä¢
‚Ä¢
#charlesandrewseaton #the_leica_diaries #blackandwhite #photography #travel #asia‚Ä¶ https://t.co/P6x6aYZIb7",FALSE,0,NA,2020-01-30 02:03:23,TRUE,NA,"1222701810621853699",NA,"<a href=""http://instagram.com"" rel=""nofollow"">Instagram</a>","charlesaseaton",0,FALSE,FALSE,NA,NA
"300","Boats, boats and more boats... Trang An Grottoes in Vietnam.

#vietnam #trangan #trangangrottoes #Asia #boats‚Ä¶ https://t.co/2qOwnnZ0bM",FALSE,3,NA,2020-01-30 01:54:00,TRUE,NA,"1222699449966911490",NA,"<a href=""http://instagram.com"" rel=""nofollow"">Instagram</a>","PABLOVILLOTA",0,FALSE,FALSE,"105.91773033","20.25245399"
